vh_seed,vl_seed,sample_num,vh_sample,vl_sample,vh_mask,vl_mask,sample_tag,model_tag,fixed_length,vh_infill_perplexity,seq_recovery,seq,length,molecular_weight,aromaticity,instability_index,isoelectric_point,avg_flexibility,gravy,ss_perc_helix,ss_perc_turn,ss_perc_sheet,aa_perc_A,aa_perc_C,aa_perc_D,aa_perc_E,aa_perc_F,aa_perc_G,aa_perc_H,aa_perc_I,aa_perc_K,aa_perc_L,aa_perc_M,aa_perc_N,aa_perc_P,aa_perc_Q,aa_perc_R,aa_perc_S,aa_perc_T,aa_perc_V,aa_perc_W,aa_perc_Y,lm_nll
EVQLVQSGAEVKKPGESLKISCKGSGYSFTSYWIGWVRQMPGKGLEWMGIIYPSDSDTRYSPSFQGQVTISADKSISTACLQWSSLKASDTAMYYCARRNNWNYDTFDIWGQGTMVTVSS,SYELTQPPSVSVSPGQTARITCSGDALPKQYAYWYQQKPGQAPVLVIYKDSERPSGIPERFSGSSSGTTVTLTISGVQAEDEADYYCQSADSSGTYEVFGGGTKLTVL,0,EVQLVQSGAEVKKPGESLKISCKGSGYSFTTYWIGWVRQMPGKGLEWMGIIYPSDSDTRYSPSFQGQVTISADKSISTACLQWSSLKASDTAMYYCARRNNWNYDTFDIWGQGTMVTVSS,SYELTQPPSVSVSPGQTARITCSGDALPKQYAYWYQQKPGQAPVLVIYKDSERPSGIPERFSGSSSGTTVTLTISGVQAEDEADYYCQSADSSGTYEVFGGGTKLTVL,000000000000000000000000011111110000000000000000000000000000000000000000000000000000000000000000000000000000000000000000,000000000000000000000000000000000000000000000000000000000000000000000000000000000000000000000000000000000000,chothia_hcdr1,gaussian_fixed_length=True,True,0.6317824721336365,0.8571428571428571,EVQLVQSGAEVKKPGESLKISCKGSGYSFTTYWIGWVRQMPGKGLEWMGIIYPSDSDTRYSPSFQGQVTISADKSISTACLQWSSLKASDTAMYYCARRNNWNYDTFDIWGQGTMVTVSSSYELTQPPSVSVSPGQTARITCSGDALPKQYAYWYQQKPGQAPVLVIYKDSERPSGIPERFSGSSSGTTVTLTISGVQAEDEADYYCQSADSSGTYEVFGGGTKLTVL,228,24898.396099999987,0.11842105263157894,42.79517543859648,5.0560216903686515,1.003650304414003,-0.40263157894736845,0.2149122807017544,0.3508771929824561,0.3640350877192982,0.05701754385964912,0.021929824561403508,0.04824561403508772,0.043859649122807015,0.021929824561403508,0.09649122807017543,0.0,0.04824561403508772,0.04824561403508772,0.04824561403508772,0.017543859649122806,0.013157894736842105,0.05263157894736842,0.06578947368421052,0.03070175438596491,0.14035087719298245,0.08333333333333333,0.06578947368421052,0.03070175438596491,0.06578947368421052,440.5849304199219
EVQLVESGGGLVQPGRSLKLSCAASGFTFSNYYMAWVRQAPKKGLEWVATISTSGSRTYYPDSVKGRFTISRDNAKSSLYLQMNSLKSEDTATYYCAREGVYYYDGYYRGNWFAYWGQGTLVTVSS,ETVMTQSPASMSTSVGERVTVNCKASQSVGSVVAWFQQIPGQSPKRLIYLASNRHTGVPDRFTGSGFGRDFTLTISNVEAEDLAVYYCLQYDSIPYTFGAGTKLELK,0,EVQLVESGGGLVQPGRSLKLSCAASGFTFSNYYMAWVRQAPKKGLEWVATISTSGSRTYYPDSVKGRFTISRDNAKSSLYLQMNSLKSEDTATYYCAREGVYYYDGYYRGNWFAYWGQGTLVTVSS,ETVMTQSPASMSTSVGERVTVNCKASQSVGSVVAWFQQIPGQSPKRLIYLASNRHTGVPDRFTGSGFGRDFTLTISNVEAEDLAVYYCLQYDSIPYTFGAGTKLELK,000000000000000000000000011111110000000000000000000000000000000000000000000000000000000000000000000000000000000000000000000000,00000000000000000000000000000000000000000000000000000000000000000000000000000000000000000000000000000000000,chothia_hcdr1,gaussian_fixed_length=True,True,0.49536898732185364,1.0,EVQLVESGGGLVQPGRSLKLSCAASGFTFSNYYMAWVRQAPKKGLEWVATISTSGSRTYYPDSVKGRFTISRDNAKSSLYLQMNSLKSEDTATYYCAREGVYYYDGYYRGNWFAYWGQGTLVTVSSETVMTQSPASMSTSVGERVTVNCKASQSVGSVVAWFQQIPGQSPKRLIYLASNRHTGVPDRFTGSGFGRDFTLTISNVEAEDLAVYYCLQYDSIPYTFGAGTKLELK,233,25762.5628,0.13733905579399142,40.868669527896984,8.77596836090088,0.9970232780612245,-0.2927038626609442,0.24034334763948498,0.3133047210300429,0.3948497854077253,0.06866952789699571,0.017167381974248927,0.034334763948497854,0.04291845493562232,0.03862660944206009,0.0944206008583691,0.004291845493562232,0.02575107296137339,0.04291845493562232,0.06866952789699571,0.017167381974248927,0.030042918454935622,0.034334763948497854,0.04721030042918455,0.05150214592274678,0.12017167381974249,0.0815450643776824,0.0815450643776824,0.02145922746781116,0.07725321888412018,439.4493408203125
QVQLVQSGAEVKKPGASVKVSCKASGYTFTSYGISWVRQAPGQGLEWMGWISAYNGNTNYAQKLQGRVTMTTDTSTTTAYMELRSLRSDDTAVYYCARASGLWLVGSGDYWGQGTLVTVSS,EIVLTQSPGTLSLSPGERATLSCRASQSVSSNFLAWYQQKPGQAPRLLIYGASSRATGVPDRFSGSGSGTDFTLTISRLEPEDFAVYYCQQYGSSPRTFGPGTKVEIK,0,QVQLVQSGAEVKKPGASVKVSCKASGYTFTNYGISWVRQAPGQGLEWMGWISAYNGNTNYAQKLQGRVTMTTDTSTTTAYMELRSLRSDDTAVYYCARASGLWLVGSGDYWGQGTLVTVSS,EIVLTQSPGTLSLSPGERATLSCRASQSVSSNFLAWYQQKPGQAPRLLIYGASSRATGVPDRFSGSGSGTDFTLTISRLEPEDFAVYYCQQYGSSPRTFGPGTKVEIK,0000000000000000000000000111111100000000000000000000000000000000000000000000000000000000000000000000000000000000000000000,000000000000000000000000000000000000000000000000000000000000000000000000000000000000000000000000000000000000,chothia_hcdr1,gaussian_fixed_length=True,True,0.4884399175643921,0.8571428571428571,QVQLVQSGAEVKKPGASVKVSCKASGYTFTNYGISWVRQAPGQGLEWMGWISAYNGNTNYAQKLQGRVTMTTDTSTTTAYMELRSLRSDDTAVYYCARASGLWLVGSGDYWGQGTLVTVSSEIVLTQSPGTLSLSPGERATLSCRASQSVSSNFLAWYQQKPGQAPRLLIYGASSRATGVPDRFSGSGSGTDFTLTISRLEPEDFAVYYCQQYGSSPRTFGPGTKVEIK,229,24720.317399999993,0.1091703056768559,35.326637554585155,9.017015647888183,0.9998266233766234,-0.31746724890829703,0.2314410480349345,0.331877729257642,0.37554585152838427,0.07423580786026202,0.017467248908296942,0.03056768558951965,0.034934497816593885,0.026200873362445413,0.1091703056768559,0.0,0.026200873362445413,0.034934497816593885,0.07423580786026202,0.013100436681222707,0.021834061135371178,0.043668122270742356,0.06550218340611354,0.05240174672489083,0.12663755458515283,0.09606986899563319,0.06986899563318777,0.026200873362445413,0.056768558951965066,381.9946594238281
QLQLQESGPGLVKPSETLSLTCTVSGGSISSSSYYWGWIRQPPGKGLEWIGSIYYSGSTYYNPSLKSRVTISVDTSKNQFSLKLSSVTAADTAVYYCARQLGYGSGSYYNYYYMDVWGKGTTVTVSS,DIQMTQSPSFLSASVGERVTLSCKASQNINKYLDWYQQKLGEAPKLLIYNTNNLHTGIPSRFSGSGSGTDYTLTISSLQPEDVATYFCLQRNSWPYTFGAGTKLELK,0,QLQLQESGPGLVKPSETLSLTCTVSGYTINSSGYYWGWIRQPPGKGLEWIGSIYYSGSTYYNPSLKSRVTISVDTSKNQFSLKLSSVTAADTAVYYCARQLGYGSGSYYNYYYMDVWGKGTTVTVSS,DIQMTQSPSFLSASVGERVTLSCKASQNINKYLDWYQQKLGEAPKLLIYNTNNLHTGIPSRFSGSGSGTDYTLTISSLQPEDVATYFCLQRNSWPYTFGAGTKLELK,0000000000000000000000000111111111000000000000000000000000000000000000000000000000000000000000000000000000000000000000000000000,00000000000000000000000000000000000000000000000000000000000000000000000000000000000000000000000000000000000,chothia_hcdr1,gaussian_fixed_length=True,True,2.7057785987854004,0.5555555555555556,QLQLQESGPGLVKPSETLSLTCTVSGYTINSSGYYWGWIRQPPGKGLEWIGSIYYSGSTYYNPSLKSRVTISVDTSKNQFSLKLSSVTAADTAVYYCARQLGYGSGSYYNYYYMDVWGKGTTVTVSSDIQMTQSPSFLSASVGERVTLSCKASQNINKYLDWYQQKLGEAPKLLIYNTNNLHTGIPSRFSGSGSGTDYTLTISSLQPEDVATYFCLQRNSWPYTFGAGTKLELK,234,25875.61460000001,0.13675213675213677,32.92777777777776,8.725811958312985,0.9986841269841269,-0.3538461538461541,0.2222222222222222,0.3504273504273504,0.4188034188034188,0.038461538461538464,0.017094017094017096,0.029914529914529916,0.029914529914529916,0.021367521367521368,0.09401709401709402,0.004273504273504274,0.042735042735042736,0.05128205128205128,0.09401709401709402,0.008547008547008548,0.042735042735042736,0.042735042735042736,0.05555555555555555,0.02564102564102564,0.14102564102564102,0.09401709401709402,0.05128205128205128,0.02564102564102564,0.08974358974358974,420.3251647949219
QIQLVQSGPELKKPGETVKISCKASGYTFTNYGMNWVKQAPGKGLKWMGWINTNTGEPTYAEEFKGRFAFSLETSASTAYLQINNLKNEDTATYFCASGDYYGSRYFDYWGQGTTLTVSS,DVVMTQTPLSLPVSLGDQASISCRSSQSLVHSNGNTYLHWYLQKPGQSPKLLIYKVSNRFSGVPDRFSGSGSGTDFTLKISRVEAEDLGVYFCSQSTHVPPYTFGGGTKLEIK,0,QIQLVQSGPELKKPGETVKISCKASGYTFTNYGMNWVKQAPGKGLKWMGWINTNTGEPTYAEEFKGRFAFSLETSASTAYLQINNLKNEDTATYFCASGDYYGSRYFDYWGQGTTLTVSS,DVVMTQTPLSLPVSLGDQASISCRSSQSLVHSNGNTYLHWYLQKPGQSPKLLIYKVSNRFSGVPDRFSGSGSGTDFTLKISRVEAEDLGVYFCSQSTHVPPYTFGGGTKLEIK,000000000000000000000000011111110000000000000000000000000000000000000000000000000000000000000000000000000000000000000000,00000000000000000000000000000000000000000000000000000000000000000000000000000000000000000000000000000000000000000,chothia_hcdr1,gaussian_fixed_length=True,True,0.01133748795837164,1.0,QIQLVQSGPELKKPGETVKISCKASGYTFTNYGMNWVKQAPGKGLKWMGWINTNTGEPTYAEEFKGRFAFSLETSASTAYLQINNLKNEDTATYFCASGDYYGSRYFDYWGQGTTLTVSSDVVMTQTPLSLPVSLGDQASISCRSSQSLVHSNGNTYLHWYLQKPGQSPKLLIYKVSNRFSGVPDRFSGSGSGTDFTLKISRVEAEDLGVYFCSQSTHVPPYTFGGGTKLEIK,233,25673.440200000005,0.12875536480686695,30.864806866952797,8.561224174499515,1.0022441539115647,-0.4197424892703866,0.24034334763948498,0.3433476394849786,0.38626609442060084,0.04291845493562232,0.017167381974248927,0.034334763948497854,0.04291845493562232,0.04721030042918455,0.10300429184549356,0.012875536480686695,0.034334763948497854,0.06437768240343347,0.07725321888412018,0.012875536480686695,0.04291845493562232,0.04721030042918455,0.05150214592274678,0.02575107296137339,0.11587982832618025,0.09012875536480687,0.055793991416309016,0.02145922746781116,0.060085836909871244,493.107177734375
EVQLVESGGGLVQPGRSMKLSCAASGFTFNNYDMAWVCQAPKKGLEWVATISYDGSSTYYRDSVKGRFTISRDNIKSTLYLQMDSLRSEDTATYYCARQARGFAYWGQGTLVTVSS,DIQMTQSPASLSASLGETVTIECLASEDIYSNLAWYQQKPGKSPQLLIYDASSLQDGVPSRFSGSESGTQYSLEINSLQSEDAATYFCQQHHDYPLTFGSGTKLEIK,0,EVQLVESGGGLVQPGRSMKLSCAASGFTFNNYDMAWVCQAPKKGLEWVATISYDGSSTYYRDSVKGRFTISRDNIKSTLYLQMDSLRSEDTATYYCARQARGFAYWGQGTLVTVSS,DIQMTQSPASLSASLGETVTIECLASEDIYSNLAWYQQKPGKSPQLLIYDASSLQDGVPSRFSGSESGTQYSLEINSLQSEDAATYFCQQHHDYPLTFGSGTKLEIK,00000000000000000000000001111111000000000000000000000000000000000000000000000000000000000000000000000000000000000000,00000000000000000000000000000000000000000000000000000000000000000000000000000000000000000000000000000000000,chothia_hcdr1,gaussian_fixed_length=True,True,0.9879598617553711,1.0,EVQLVESGGGLVQPGRSMKLSCAASGFTFNNYDMAWVCQAPKKGLEWVATISYDGSSTYYRDSVKGRFTISRDNIKSTLYLQMDSLRSEDTATYYCARQARGFAYWGQGTLVTVSSDIQMTQSPASLSASLGETVTIECLASEDIYSNLAWYQQKPGKSPQLLIYDASSLQDGVPSRFSGSESGTQYSLEINSLQSEDAATYFCQQHHDYPLTFGSGTKLEIK,223,24537.950399999998,0.11210762331838564,55.68699551569505,4.931032752990721,1.0011248331108145,-0.37892376681614365,0.2645739910313901,0.3273542600896861,0.3542600896860986,0.07174887892376682,0.02242152466367713,0.053811659192825115,0.04932735426008968,0.03139013452914798,0.08071748878923767,0.008968609865470852,0.04035874439461883,0.04035874439461883,0.08520179372197309,0.017937219730941704,0.02242152466367713,0.03139013452914798,0.07174887892376682,0.03587443946188341,0.13901345291479822,0.07174887892376682,0.04484304932735426,0.017937219730941704,0.06278026905829596,438.64794921875
EVQLVESGGGLVQPGRSMKLSCAASGFTFNNYDMAWVCQAPKKGLEWVATISYDGSSTYYRDSVKGRFTISRDNAKSTLYLQMDSLRSEDTATYYCARWDRGEAFDYWGQGVMVTVSS,DVQMTQSPSNLAASPGESVSINCKASKSISKYLAWYQQKPGKANKLLIYSGSTLQSGTPSRFSGSGSGTDFTLTIRNLEPEDFGLYYCQQHNEYPLTFGSGTKLEIK,0,EVQLVESGGGLVQPGRSMKLSCAASGFTFNNYDMAWVCQAPKKGLEWVATISYDGSSTYYRDSVKGRFTISRDNAKSTLYLQMDSLRSEDTATYYCARWDRGEAFDYWGQGVMVTVSS,DVQMTQSPSNLAASPGESVSINCKASKSISKYLAWYQQKPGKANKLLIYSGSTLQSGTPSRFSGSGSGTDFTLTIRNLEPEDFGLYYCQQHNEYPLTFGSGTKLEIK,0000000000000000000000000111111100000000000000000000000000000000000000000000000000000000000000000000000000000000000000,00000000000000000000000000000000000000000000000000000000000000000000000000000000000000000000000000000000000,chothia_hcdr1,gaussian_fixed_length=True,True,1.0078833103179932,1.0,EVQLVESGGGLVQPGRSMKLSCAASGFTFNNYDMAWVCQAPKKGLEWVATISYDGSSTYYRDSVKGRFTISRDNAKSTLYLQMDSLRSEDTATYYCARWDRGEAFDYWGQGVMVTVSSDVQMTQSPSNLAASPGESVSINCKASKSISKYLAWYQQKPGKANKLLIYSGSTLQSGTPSRFSGSGSGTDFTLTIRNLEPEDFGLYYCQQHNEYPLTFGSGTKLEIK,225,24805.39190000001,0.12,45.00844444444445,7.798434257507325,1.0029940476190478,-0.46711111111111137,0.2622222222222222,0.3466666666666667,0.3466666666666667,0.06222222222222222,0.022222222222222223,0.04888888888888889,0.044444444444444446,0.035555555555555556,0.09333333333333334,0.0044444444444444444,0.03111111111111111,0.057777777777777775,0.07555555555555556,0.022222222222222223,0.035555555555555556,0.035555555555555556,0.05333333333333334,0.04,0.13333333333333333,0.07111111111111111,0.04888888888888889,0.022222222222222223,0.06222222222222222,403.38714599609375
EVQLVETGGGLVQPGKSLKLTCATSGFTFSNAWMDWVRQSPEKQLEWVAQIKDKSNNYATYYAESVKGRFTISRDDSKSSVYLQMNSLKEEDTAIYYCTWELDWFAYWGQGTLVTVSS,SYELTQPPSVSVSPGQTASITCSGDKLGDKYACWYQQKPGQSPVLVIYQDSKRPSGIPERFSGSNSGNTATLTISGTQAMDEADYYCQAWDSSTLYVFGTGTKVTVL,0,EVQLVETGGGLVQPGKSLKLTCATSGFSFSIAWMDWVRQSPEKQLEWVAQIKDKSNNYATYYAESVKGRFTISRDDSKSSVYLQMNSLKEEDTAIYYCTWELDWFAYWGQGTLVTVSS,SYELTQPPSVSVSPGQTASITCSGDKLGDKYACWYQQKPGQSPVLVIYQDSKRPSGIPERFSGSNSGNTATLTISGTQAMDEADYYCQAWDSSTLYVFGTGTKVTVL,0000000000000000000000000111111100000000000000000000000000000000000000000000000000000000000000000000000000000000000000,00000000000000000000000000000000000000000000000000000000000000000000000000000000000000000000000000000000000,chothia_hcdr1,gaussian_fixed_length=True,True,1.7495064735412598,0.7142857142857143,EVQLVETGGGLVQPGKSLKLTCATSGFSFSIAWMDWVRQSPEKQLEWVAQIKDKSNNYATYYAESVKGRFTISRDDSKSSVYLQMNSLKEEDTAIYYCTWELDWFAYWGQGTLVTVSSSYELTQPPSVSVSPGQTASITCSGDKLGDKYACWYQQKPGQSPVLVIYQDSKRPSGIPERFSGSNSGNTATLTISGTQAMDEADYYCQAWDSSTLYVFGTGTKVTVL,225,24886.400199999996,0.12444444444444444,40.56266666666665,4.829120445251465,1.0030603505291005,-0.39688888888888896,0.2444444444444444,0.3244444444444444,0.38666666666666666,0.057777777777777775,0.022222222222222223,0.05333333333333334,0.04888888888888889,0.02666666666666667,0.08,0.0,0.035555555555555556,0.057777777777777775,0.06666666666666667,0.013333333333333334,0.022222222222222223,0.04,0.06666666666666667,0.022222222222222223,0.1288888888888889,0.08888888888888889,0.07111111111111111,0.035555555555555556,0.06222222222222222,529.0759887695312
QVQLQQPGAELVKPGTSVKLSCKASGYNFTSYWINWVKLRPGQGLEWIGDIYPGSGSTNYNEKFKSKATLTVDTSSSTAYMQLSSLASEDSALYYCARSGNWDRFAYWGQGTLVTVSA,DIVLTQSPGSLAVSLGQRATISCRASESVEYYGTGLMQWYQQKPGQPPKLLIYAASNVESGVPARFSGSGSGTDFSLNIHPVEEDDIAVYFCQQSRKVPWTFGGGTKLEIK,0,QVQLQQPGAELVKPGTSVKLSCKASGYTFSSYWINWVKLRPGQGLEWIGDIYPGSGSTNYNEKFKSKATLTVDTSSSTAYMQLSSLASEDSALYYCARSGNWDRFAYWGQGTLVTVSA,DIVLTQSPGSLAVSLGQRATISCRASESVEYYGTGLMQWYQQKPGQPPKLLIYAASNVESGVPARFSGSGSGTDFSLNIHPVEEDDIAVYFCQQSRKVPWTFGGGTKLEIK,0000000000000000000000000111111100000000000000000000000000000000000000000000000000000000000000000000000000000000000000,000000000000000000000000000000000000000000000000000000000000000000000000000000000000000000000000000000000000000,chothia_hcdr1,gaussian_fixed_length=True,True,1.56076979637146,0.7142857142857143,QVQLQQPGAELVKPGTSVKLSCKASGYTFSSYWINWVKLRPGQGLEWIGDIYPGSGSTNYNEKFKSKATLTVDTSSSTAYMQLSSLASEDSALYYCARSGNWDRFAYWGQGTLVTVSADIVLTQSPGSLAVSLGQRATISCRASESVEYYGTGLMQWYQQKPGQPPKLLIYAASNVESGVPARFSGSGSGTDFSLNIHPVEEDDIAVYFCQQSRKVPWTFGGGTKLEIK,229,24923.60719999999,0.11790393013100436,35.625327510917025,7.771788597106934,1.0010987554112554,-0.2986899563318778,0.25327510917030566,0.3406113537117904,0.3668122270742358,0.06986899563318777,0.017467248908296942,0.034934497816593885,0.043668122270742356,0.03056768558951965,0.10043668122270742,0.004366812227074236,0.039301310043668124,0.05240174672489083,0.07860262008733625,0.008733624454148471,0.026200873362445413,0.048034934497816595,0.06550218340611354,0.03056768558951965,0.13100436681222707,0.06550218340611354,0.06550218340611354,0.03056768558951965,0.056768558951965066,479.8882141113281
QVQLVESGGGVVQPGRSLRLSCAASGFTFSGYGMHWVRQAPGKGLEWVAVISYDGSKKYYADSVKGRFTISRDNSENTLYLQMNSLRAEDTAVYYCAKDRYAGRKYCSSTSCYNYFHYWGQGTLVTVSS,EIVLTQSPDFQSVTPKEKVTITCRASQSIGSSLHWYQQKPDQSPKLLIKYASQSISGVPSRFSGSGSGTDFTLTINGLEGEDAATYYCHQSSGLPLTFGGGTKVEIK,0,QVQLVESGGGVVQPGRSLRLSCAASGFTIDTYGMHWVRQAPGKGLEWVAVISYDGSKKYYADSVKGRFTISRDNSENTLYLQMNSLRAEDTAVYYCAKDRYAGRKYCSSTSCYNYFHYWGQGTLVTVSS,EIVLTQSPDFQSVTPKEKVTITCRASQSIGSSLHWYQQKPDQSPKLLIKYASQSISGVPSRFSGSGSGTDFTLTINGLEGEDAATYYCHQSSGLPLTFGGGTKVEIK,000000000000000000000000011111110000000000000000000000000000000000000000000000000000000000000000000000000000000000000000000000000,00000000000000000000000000000000000000000000000000000000000000000000000000000000000000000000000000000000000,chothia_hcdr1,gaussian_fixed_length=True,True,2.1147067546844482,0.5714285714285714,QVQLVESGGGVVQPGRSLRLSCAASGFTIDTYGMHWVRQAPGKGLEWVAVISYDGSKKYYADSVKGRFTISRDNSENTLYLQMNSLRAEDTAVYYCAKDRYAGRKYCSSTSCYNYFHYWGQGTLVTVSSEIVLTQSPDFQSVTPKEKVTITCRASQSIGSSLHWYQQKPDQSPKLLIKYASQSISGVPSRFSGSGSGTDFTLTINGLEGEDAATYYCHQSSGLPLTFGGGTKVEIK,236,25856.5936,0.11440677966101695,50.626271186440654,8.646322441101074,1.0003126179987414,-0.385169491525424,0.22457627118644066,0.3305084745762712,0.3686440677966102,0.05508474576271186,0.025423728813559324,0.0423728813559322,0.038135593220338986,0.029661016949152543,0.1016949152542373,0.01694915254237288,0.0423728813559322,0.05508474576271186,0.06779661016949153,0.00847457627118644,0.0211864406779661,0.03389830508474576,0.059322033898305086,0.0423728813559322,0.13135593220338984,0.07627118644067797,0.06779661016949153,0.01694915254237288,0.06779661016949153,422.1677551269531
EVQLVQSGAEVKKPGESLKISCKGSGYSFTSYWIGWVRQMPGKGLEWMGIIYPSDSDTRYSPSFQGQVTISADKSISTACLQWSSLKASDTAMYYCARRNNWNYDTFDIWGQGTMVTVSS,SYELTQPPSVSVSPGQTARITCSGDALPKQYAYWYQQKPGQAPVLVIYKDSERPSGIPERFSGSSSGTTVTLTISGVQAEDEADYYCQSADSSGTYEVFGGGTKLTVL,0,EVQLVQSGAEVKKPGESLKISCKGSGYTFTSYWIGWVRQMPGKGLEWMGIIYPSDSDTRYSPSFQGQVTISADKSISTACLQWSSLKASDTAMYYCARRNNWNYDTFDIWGQGTMVTVSS,SYELTQPPSVSVSPGQTARITCSGDALPKQYAYWYQQKPGQAPVLVIYKDSERPSGIPERFSGSSSGTTVTLTISGVQAEDEADYYCQSADSSGTYEVFGGGTKLTVL,000000000000000000000001111111111000000000000000000000000000000000000000000000000000000000000000000000000000000000000000,000000000000000000000000000000000000000000000000000000000000000000000000000000000000000000000000000000000000,aho_hcdr1,gaussian_fixed_length=True,True,0.5482321381568909,0.9,EVQLVQSGAEVKKPGESLKISCKGSGYTFTSYWIGWVRQMPGKGLEWMGIIYPSDSDTRYSPSFQGQVTISADKSISTACLQWSSLKASDTAMYYCARRNNWNYDTFDIWGQGTMVTVSSSYELTQPPSVSVSPGQTARITCSGDALPKQYAYWYQQKPGQAPVLVIYKDSERPSGIPERFSGSSSGTTVTLTISGVQAEDEADYYCQSADSSGTYEVFGGGTKLTVL,228,24898.396099999987,0.11842105263157894,42.964035087719296,5.0560216903686515,1.003650304414003,-0.40263157894736845,0.2149122807017544,0.3508771929824561,0.3640350877192982,0.05701754385964912,0.021929824561403508,0.04824561403508772,0.043859649122807015,0.021929824561403508,0.09649122807017543,0.0,0.04824561403508772,0.04824561403508772,0.04824561403508772,0.017543859649122806,0.013157894736842105,0.05263157894736842,0.06578947368421052,0.03070175438596491,0.14035087719298245,0.08333333333333333,0.06578947368421052,0.03070175438596491,0.06578947368421052,433.2649230957031
EVQLVESGGGLVQPGRSLKLSCAASGFTFSNYYMAWVRQAPKKGLEWVATISTSGSRTYYPDSVKGRFTISRDNAKSSLYLQMNSLKSEDTATYYCAREGVYYYDGYYRGNWFAYWGQGTLVTVSS,ETVMTQSPASMSTSVGERVTVNCKASQSVGSVVAWFQQIPGQSPKRLIYLASNRHTGVPDRFTGSGFGRDFTLTISNVEAEDLAVYYCLQYDSIPYTFGAGTKLELK,0,EVQLVESGGGLVQPGRSLKLSCAASGFTFSNYYMAWVRQAPKKGLEWVATISTSGSRTYYPDSVKGRFTISRDNAKSSLYLQMNSLKSEDTATYYCAREGVYYYDGYYRGNWFAYWGQGTLVTVSS,ETVMTQSPASMSTSVGERVTVNCKASQSVGSVVAWFQQIPGQSPKRLIYLASNRHTGVPDRFTGSGFGRDFTLTISNVEAEDLAVYYCLQYDSIPYTFGAGTKLELK,000000000000000000000001111111111000000000000000000000000000000000000000000000000000000000000000000000000000000000000000000000,00000000000000000000000000000000000000000000000000000000000000000000000000000000000000000000000000000000000,aho_hcdr1,gaussian_fixed_length=True,True,0.5353109836578369,1.0,EVQLVESGGGLVQPGRSLKLSCAASGFTFSNYYMAWVRQAPKKGLEWVATISTSGSRTYYPDSVKGRFTISRDNAKSSLYLQMNSLKSEDTATYYCAREGVYYYDGYYRGNWFAYWGQGTLVTVSSETVMTQSPASMSTSVGERVTVNCKASQSVGSVVAWFQQIPGQSPKRLIYLASNRHTGVPDRFTGSGFGRDFTLTISNVEAEDLAVYYCLQYDSIPYTFGAGTKLELK,233,25762.5628,0.13733905579399142,40.868669527896984,8.77596836090088,0.9970232780612245,-0.2927038626609442,0.24034334763948498,0.3133047210300429,0.3948497854077253,0.06866952789699571,0.017167381974248927,0.034334763948497854,0.04291845493562232,0.03862660944206009,0.0944206008583691,0.004291845493562232,0.02575107296137339,0.04291845493562232,0.06866952789699571,0.017167381974248927,0.030042918454935622,0.034334763948497854,0.04721030042918455,0.05150214592274678,0.12017167381974249,0.0815450643776824,0.0815450643776824,0.02145922746781116,0.07725321888412018,439.4493408203125
