vh_seed,vh_sample,vh_mask,vl_seed,vl_sample,vl_mask,sample_num,sample_tag,model_tag,fixed_length,vh_infill_perplexity,seq_recovery,seq,length,molecular_weight,aromaticity,instability_index,isoelectric_point,avg_flexibility,gravy,ss_perc_helix,ss_perc_turn,ss_perc_sheet,aa_perc_A,aa_perc_C,aa_perc_D,aa_perc_E,aa_perc_F,aa_perc_G,aa_perc_H,aa_perc_I,aa_perc_K,aa_perc_L,aa_perc_M,aa_perc_N,aa_perc_P,aa_perc_Q,aa_perc_R,aa_perc_S,aa_perc_T,aa_perc_V,aa_perc_W,aa_perc_Y,lm_nll
EVQLVQSGAEVKKPGESLKISCKGSGYSFTSYWIGWVRQMPGKGLEWMGIIYPSDSDTRYSPSFQGQVTISADKSISTACLQWSSLKASDTAMYYCARRNNWNYDTFDIWGQGTMVTVSS,EVQLVQSGAEVKKPGESLKISCKGSGYSFTSYWIGWVRQMPGKGLEWMGIIYPGDSDTRYSPSFQGQVTISADKSISTACLQWSSLKASDTAMYYCARHRGYCSSTSDIWGQGTMVTVSS,000000000000000000000001111111110000000000000000001111111111111111000000000000000000000000000000001111111110000000000000,SYELTQPPSVSVSPGQTARITCSGDALPKQYAYWYQQKPGQAPVLVIYKDSERPSGIPERFSGSSSGTTVTLTISGVQAEDEADYYCQSADSSGTYEVFGGGTKLTVL,SYELTQPPSVSVSPGQTARITCSGDALPKQYAYWYQQKPGQAPVLVIYKDSERPSGIPERFSGSSSGTTVTLTISGVQAEDEADYYCQSADSSGTYEVFGGGTKLTVL,000000000000000000000000000000000000000000000000000000000000000000000000000000000000000000000000000000000000,0,aho_hcdr1_hcdr2_hcdr3,iglm_fixed_length=True_step_size=1.1_stability_coef=0.01_num_steps=5,True,2.290011491626501,0.7352941176470589,EVQLVQSGAEVKKPGESLKISCKGSGYSFTSYWIGWVRQMPGKGLEWMGIIYPGDSDTRYSPSFQGQVTISADKSISTACLQWSSLKASDTAMYYCARHRGYCSSTSDIWGQGTMVTVSSSYELTQPPSVSVSPGQTARITCSGDALPKQYAYWYQQKPGQAPVLVIYKDSERPSGIPERFSGSSSGTTVTLTISGVQAEDEADYYCQSADSSGTYEVFGGGTKLTVL,228,24622.12999999999,0.10964912280701754,38.29342105263157,5.471742057800292,1.0037781582952816,-0.36359649122807014,0.2149122807017544,0.35526315789473684,0.3508771929824561,0.05701754385964912,0.02631578947368421,0.043859649122807015,0.043859649122807015,0.017543859649122806,0.10526315789473684,0.0043859649122807015,0.04824561403508772,0.04824561403508772,0.04824561403508772,0.017543859649122806,0.0,0.05263157894736842,0.06578947368421052,0.03070175438596491,0.15350877192982457,0.07894736842105263,0.06578947368421052,0.02631578947368421,0.06578947368421052,436.5992431640625
EVQLVQSGAEVKKPGESLKISCKGSGYSFTSYWIGWVRQMPGKGLEWMGIIYPSDSDTRYSPSFQGQVTISADKSISTACLQWSSLKASDTAMYYCARRNNWNYDTFDIWGQGTMVTVSS,EVQLVQSGAEVKKPGESLKISCKGSGYSFTSYWIGWVRQMPGKGLEWMGIIYPGDSDTRYSPSFQGQVTISADKSISTACLQWSSLKASDTAMYYCARHRGYCSSTSDIWGQGTMVTVSS,000000000000000000000001111111110000000000000000001111111111111111000000000000000000000000000000001111111110000000000000,SYELTQPPSVSVSPGQTARITCSGDALPKQYAYWYQQKPGQAPVLVIYKDSERPSGIPERFSGSSSGTTVTLTISGVQAEDEADYYCQSADSSGTYEVFGGGTKLTVL,SYELTQPPSVSVSPGQTARITCSGDALPKQYAYWYQQKPGQAPVLVIYKDSERPSGIPERFSGSSSGTTVTLTISGVQAEDEADYYCQSADSSGTYEVFGGGTKLTVL,000000000000000000000000000000000000000000000000000000000000000000000000000000000000000000000000000000000000,1,aho_hcdr1_hcdr2_hcdr3,iglm_fixed_length=True_step_size=1.1_stability_coef=0.01_num_steps=5,True,2.290011491626501,0.7352941176470589,EVQLVQSGAEVKKPGESLKISCKGSGYSFTSYWIGWVRQMPGKGLEWMGIIYPGDSDTRYSPSFQGQVTISADKSISTACLQWSSLKASDTAMYYCARHRGYCSSTSDIWGQGTMVTVSSSYELTQPPSVSVSPGQTARITCSGDALPKQYAYWYQQKPGQAPVLVIYKDSERPSGIPERFSGSSSGTTVTLTISGVQAEDEADYYCQSADSSGTYEVFGGGTKLTVL,228,24622.12999999999,0.10964912280701754,38.29342105263157,5.471742057800292,1.0037781582952816,-0.36359649122807014,0.2149122807017544,0.35526315789473684,0.3508771929824561,0.05701754385964912,0.02631578947368421,0.043859649122807015,0.043859649122807015,0.017543859649122806,0.10526315789473684,0.0043859649122807015,0.04824561403508772,0.04824561403508772,0.04824561403508772,0.017543859649122806,0.0,0.05263157894736842,0.06578947368421052,0.03070175438596491,0.15350877192982457,0.07894736842105263,0.06578947368421052,0.02631578947368421,0.06578947368421052,436.5992431640625
EVQLVQSGAEVKKPGESLKISCKGSGYSFTSYWIGWVRQMPGKGLEWMGIIYPSDSDTRYSPSFQGQVTISADKSISTACLQWSSLKASDTAMYYCARRNNWNYDTFDIWGQGTMVTVSS,EVQLVQSGAEVKKPGESLKISCKGSGYSFTSYWIGWVRQMPGKGLEWMGIIYPGDSDTRYSPSFQGQVTISADKSISTACLQWSSLKASDTAMYYCARHRGYCSSTSDIWGQGTMVTVSS,000000000000000000000001111111110000000000000000001111111111111111000000000000000000000000000000001111111110000000000000,SYELTQPPSVSVSPGQTARITCSGDALPKQYAYWYQQKPGQAPVLVIYKDSERPSGIPERFSGSSSGTTVTLTISGVQAEDEADYYCQSADSSGTYEVFGGGTKLTVL,SYELTQPPSVSVSPGQTARITCSGDALPKQYAYWYQQKPGQAPVLVIYKDSERPSGIPERFSGSSSGTTVTLTISGVQAEDEADYYCQSADSSGTYEVFGGGTKLTVL,000000000000000000000000000000000000000000000000000000000000000000000000000000000000000000000000000000000000,2,aho_hcdr1_hcdr2_hcdr3,iglm_fixed_length=True_step_size=1.1_stability_coef=0.01_num_steps=5,True,2.290011491626501,0.7352941176470589,EVQLVQSGAEVKKPGESLKISCKGSGYSFTSYWIGWVRQMPGKGLEWMGIIYPGDSDTRYSPSFQGQVTISADKSISTACLQWSSLKASDTAMYYCARHRGYCSSTSDIWGQGTMVTVSSSYELTQPPSVSVSPGQTARITCSGDALPKQYAYWYQQKPGQAPVLVIYKDSERPSGIPERFSGSSSGTTVTLTISGVQAEDEADYYCQSADSSGTYEVFGGGTKLTVL,228,24622.12999999999,0.10964912280701754,38.29342105263157,5.471742057800292,1.0037781582952816,-0.36359649122807014,0.2149122807017544,0.35526315789473684,0.3508771929824561,0.05701754385964912,0.02631578947368421,0.043859649122807015,0.043859649122807015,0.017543859649122806,0.10526315789473684,0.0043859649122807015,0.04824561403508772,0.04824561403508772,0.04824561403508772,0.017543859649122806,0.0,0.05263157894736842,0.06578947368421052,0.03070175438596491,0.15350877192982457,0.07894736842105263,0.06578947368421052,0.02631578947368421,0.06578947368421052,436.5992431640625
EVQLVESGGGLVQPGRSLKLSCAASGFTFSNYYMAWVRQAPKKGLEWVATISTSGSRTYYPDSVKGRFTISRDNAKSSLYLQMNSLKSEDTATYYCAREGVYYYDGYYRGNWFAYWGQGTLVTVSS,EVQLVESGGGLVQPGRSLKLSCAASGFTFSSYYMAWVRQAPKKGLEWVATINSGGGSTYYADSVKGRFTISRDNAKSSLYLQMNSLKSEDTATYYCARDRGGSWYDYNYWGQGAYWGQGTLVTVSS,000000000000000000000001111111110000000000000000001111111111111111000000000000000000000000000000001111111111111110000000000000,ETVMTQSPASMSTSVGERVTVNCKASQSVGSVVAWFQQIPGQSPKRLIYLASNRHTGVPDRFTGSGFGRDFTLTISNVEAEDLAVYYCLQYDSIPYTFGAGTKLELK,ETVMTQSPASMSTSVGERVTVNCKASQSVGSVVAWFQQIPGQSPKRLIYLASNRHTGVPDRFTGSGFGRDFTLTISNVEAEDLAVYYCLQYDSIPYTFGAGTKLELK,00000000000000000000000000000000000000000000000000000000000000000000000000000000000000000000000000000000000,0,aho_hcdr1_hcdr2_hcdr3,iglm_fixed_length=True_step_size=1.1_stability_coef=0.01_num_steps=5,True,3.9027528166770935,0.475,EVQLVESGGGLVQPGRSLKLSCAASGFTFSSYYMAWVRQAPKKGLEWVATINSGGGSTYYADSVKGRFTISRDNAKSSLYLQMNSLKSEDTATYYCARDRGGSWYDYNYWGQGAYWGQGTLVTVSSETVMTQSPASMSTSVGERVTVNCKASQSVGSVVAWFQQIPGQSPKRLIYLASNRHTGVPDRFTGSGFGRDFTLTISNVEAEDLAVYYCLQYDSIPYTFGAGTKLELK,233,25465.1284,0.12875536480686695,41.95965665236051,8.594489860534669,0.9982732780612246,-0.30214592274678115,0.24034334763948498,0.33047210300429186,0.37768240343347637,0.07296137339055794,0.017167381974248927,0.03862660944206009,0.03862660944206009,0.034334763948497854,0.1072961373390558,0.004291845493562232,0.02575107296137339,0.04291845493562232,0.06866952789699571,0.017167381974248927,0.030042918454935622,0.030042918454935622,0.05150214592274678,0.04721030042918455,0.12446351931330472,0.07725321888412018,0.07725321888412018,0.02575107296137339,0.06866952789699571,447.8607177734375
EVQLVESGGGLVQPGRSLKLSCAASGFTFSNYYMAWVRQAPKKGLEWVATISTSGSRTYYPDSVKGRFTISRDNAKSSLYLQMNSLKSEDTATYYCAREGVYYYDGYYRGNWFAYWGQGTLVTVSS,EVQLVESGGGLVQPGRSLKLSCAASGFTFSSYYMAWVRQAPKKGLEWVATINSGGGSTYYADSVKGRFTISRDNAKSSLYLQMNSLKSEDTATYYCARDRGGYYSDYNYWGQGAYWGQGTLVTVSS,000000000000000000000001111111110000000000000000001111111111111111000000000000000000000000000000001111111111111110000000000000,ETVMTQSPASMSTSVGERVTVNCKASQSVGSVVAWFQQIPGQSPKRLIYLASNRHTGVPDRFTGSGFGRDFTLTISNVEAEDLAVYYCLQYDSIPYTFGAGTKLELK,ETVMTQSPASMSTSVGERVTVNCKASQSVGSVVAWFQQIPGQSPKRLIYLASNRHTGVPDRFTGSGFGRDFTLTISNVEAEDLAVYYCLQYDSIPYTFGAGTKLELK,00000000000000000000000000000000000000000000000000000000000000000000000000000000000000000000000000000000000,1,aho_hcdr1_hcdr2_hcdr3,iglm_fixed_length=True_step_size=1.1_stability_coef=0.01_num_steps=5,True,3.574615031480789,0.525,EVQLVESGGGLVQPGRSLKLSCAASGFTFSSYYMAWVRQAPKKGLEWVATINSGGGSTYYADSVKGRFTISRDNAKSSLYLQMNSLKSEDTATYYCARDRGGYYSDYNYWGQGAYWGQGTLVTVSSETVMTQSPASMSTSVGERVTVNCKASQSVGSVVAWFQQIPGQSPKRLIYLASNRHTGVPDRFTGSGFGRDFTLTISNVEAEDLAVYYCLQYDSIPYTFGAGTKLELK,233,25442.091699999997,0.12875536480686695,41.108583690987125,8.585786628723145,0.9983848852040816,-0.30386266094420605,0.24034334763948498,0.33047210300429186,0.37768240343347637,0.07296137339055794,0.017167381974248927,0.03862660944206009,0.03862660944206009,0.034334763948497854,0.1072961373390558,0.004291845493562232,0.02575107296137339,0.04291845493562232,0.06866952789699571,0.017167381974248927,0.030042918454935622,0.030042918454935622,0.05150214592274678,0.04721030042918455,0.12446351931330472,0.07725321888412018,0.07725321888412018,0.02145922746781116,0.07296137339055794,444.82000732421875
EVQLVESGGGLVQPGRSLKLSCAASGFTFSNYYMAWVRQAPKKGLEWVATISTSGSRTYYPDSVKGRFTISRDNAKSSLYLQMNSLKSEDTATYYCAREGVYYYDGYYRGNWFAYWGQGTLVTVSS,EVQLVESGGGLVQPGRSLKLSCAASGFTFSSYYMAWVRQAPKKGLEWVATINSGGGSTYYADSVKGRFTISRDNAKSSLYLQMNSLKSEDTATYYCARDRGYGGSWYDFGCGFAYWGQGTLVTVSS,000000000000000000000001111111110000000000000000001111111111111111000000000000000000000000000000001111111111111110000000000000,ETVMTQSPASMSTSVGERVTVNCKASQSVGSVVAWFQQIPGQSPKRLIYLASNRHTGVPDRFTGSGFGRDFTLTISNVEAEDLAVYYCLQYDSIPYTFGAGTKLELK,ETVMTQSPASMSTSVGERVTVNCKASQSVGSVVAWFQQIPGQSPKRLIYLASNRHTGVPDRFTGSGFGRDFTLTISNVEAEDLAVYYCLQYDSIPYTFGAGTKLELK,00000000000000000000000000000000000000000000000000000000000000000000000000000000000000000000000000000000000,2,aho_hcdr1_hcdr2_hcdr3,iglm_fixed_length=True_step_size=1.1_stability_coef=0.01_num_steps=5,True,4.096330970525742,0.55,EVQLVESGGGLVQPGRSLKLSCAASGFTFSSYYMAWVRQAPKKGLEWVATINSGGGSTYYADSVKGRFTISRDNAKSSLYLQMNSLKSEDTATYYCARDRGYGGSWYDFGCGFAYWGQGTLVTVSSETVMTQSPASMSTSVGERVTVNCKASQSVGSVVAWFQQIPGQSPKRLIYLASNRHTGVPDRFTGSGFGRDFTLTISNVEAEDLAVYYCLQYDSIPYTFGAGTKLELK,233,25328.0553,0.12875536480686695,42.16180257510729,8.54027194976807,0.9975991709183675,-0.22961373390557926,0.24034334763948498,0.33047210300429186,0.37768240343347637,0.07296137339055794,0.02145922746781116,0.03862660944206009,0.03862660944206009,0.04291845493562232,0.11158798283261803,0.004291845493562232,0.02575107296137339,0.04291845493562232,0.06866952789699571,0.017167381974248927,0.02575107296137339,0.030042918454935622,0.04721030042918455,0.04721030042918455,0.12446351931330472,0.07725321888412018,0.07725321888412018,0.02145922746781116,0.06437768240343347,437.48126220703125
QVQLVQSGAEVKKPGASVKVSCKASGYTFTSYGISWVRQAPGQGLEWMGWISAYNGNTNYAQKLQGRVTMTTDTSTTTAYMELRSLRSDDTAVYYCARASGLWLVGSGDYWGQGTLVTVSS,QVQLVQSGAEVKKPGASVKVSCKASGYTFTSYGISWVRQAPGQGLEWMGWISAYNGNTNYAQKLQGRVTMTTDTSTTTAYMELRSLRSDDTAVYYCARDRGYCSSTSCDYWGQGTLVTVSS,0000000000000000000000011111111100000000000000000011111111111111110000000000000000000000000000000011111111110000000000000,EIVLTQSPGTLSLSPGERATLSCRASQSVSSNFLAWYQQKPGQAPRLLIYGASSRATGVPDRFSGSGSGTDFTLTISRLEPEDFAVYYCQQYGSSPRTFGPGTKVEIK,EIVLTQSPGTLSLSPGERATLSCRASQSVSSNFLAWYQQKPGQAPRLLIYGASSRATGVPDRFSGSGSGTDFTLTISRLEPEDFAVYYCQQYGSSPRTFGPGTKVEIK,000000000000000000000000000000000000000000000000000000000000000000000000000000000000000000000000000000000000,0,aho_hcdr1_hcdr2_hcdr3,iglm_fixed_length=True_step_size=1.1_stability_coef=0.01_num_steps=5,True,1.5144412377849221,0.7714285714285715,QVQLVQSGAEVKKPGASVKVSCKASGYTFTSYGISWVRQAPGQGLEWMGWISAYNGNTNYAQKLQGRVTMTTDTSTTTAYMELRSLRSDDTAVYYCARDRGYCSSTSCDYWGQGTLVTVSSEIVLTQSPGTLSLSPGERATLSCRASQSVSSNFLAWYQQKPGQAPRLLIYGASSRATGVPDRFSGSGSGTDFTLTISRLEPEDFAVYYCQQYGSSPRTFGPGTKVEIK,229,24825.36879999999,0.1091703056768559,36.815720524017465,8.86390323638916,1.000312987012987,-0.3829694323144105,0.21834061135371177,0.3318777292576419,0.36681222707423583,0.06986899563318777,0.026200873362445413,0.034934497816593885,0.034934497816593885,0.026200873362445413,0.10043668122270742,0.0,0.026200873362445413,0.034934497816593885,0.06550218340611354,0.013100436681222707,0.017467248908296942,0.043668122270742356,0.06550218340611354,0.056768558951965066,0.13537117903930132,0.10043668122270742,0.06550218340611354,0.021834061135371178,0.0611353711790393,392.1109619140625
QVQLVQSGAEVKKPGASVKVSCKASGYTFTSYGISWVRQAPGQGLEWMGWISAYNGNTNYAQKLQGRVTMTTDTSTTTAYMELRSLRSDDTAVYYCARASGLWLVGSGDYWGQGTLVTVSS,QVQLVQSGAEVKKPGASVKVSCKASGYTFTSYGISWVRQAPGQGLEWMGWISAYNGNTNYAQKLQGRVTMTTDTSTTTAYMELRSLRSDDTAVYYCARDRGYCSSTSCDYWGQGTLVTVSS,0000000000000000000000011111111100000000000000000011111111111111110000000000000000000000000000000011111111110000000000000,EIVLTQSPGTLSLSPGERATLSCRASQSVSSNFLAWYQQKPGQAPRLLIYGASSRATGVPDRFSGSGSGTDFTLTISRLEPEDFAVYYCQQYGSSPRTFGPGTKVEIK,EIVLTQSPGTLSLSPGERATLSCRASQSVSSNFLAWYQQKPGQAPRLLIYGASSRATGVPDRFSGSGSGTDFTLTISRLEPEDFAVYYCQQYGSSPRTFGPGTKVEIK,000000000000000000000000000000000000000000000000000000000000000000000000000000000000000000000000000000000000,1,aho_hcdr1_hcdr2_hcdr3,iglm_fixed_length=True_step_size=1.1_stability_coef=0.01_num_steps=5,True,1.5144412377849221,0.7714285714285715,QVQLVQSGAEVKKPGASVKVSCKASGYTFTSYGISWVRQAPGQGLEWMGWISAYNGNTNYAQKLQGRVTMTTDTSTTTAYMELRSLRSDDTAVYYCARDRGYCSSTSCDYWGQGTLVTVSSEIVLTQSPGTLSLSPGERATLSCRASQSVSSNFLAWYQQKPGQAPRLLIYGASSRATGVPDRFSGSGSGTDFTLTISRLEPEDFAVYYCQQYGSSPRTFGPGTKVEIK,229,24825.36879999999,0.1091703056768559,36.815720524017465,8.86390323638916,1.000312987012987,-0.3829694323144105,0.21834061135371177,0.3318777292576419,0.36681222707423583,0.06986899563318777,0.026200873362445413,0.034934497816593885,0.034934497816593885,0.026200873362445413,0.10043668122270742,0.0,0.026200873362445413,0.034934497816593885,0.06550218340611354,0.013100436681222707,0.017467248908296942,0.043668122270742356,0.06550218340611354,0.056768558951965066,0.13537117903930132,0.10043668122270742,0.06550218340611354,0.021834061135371178,0.0611353711790393,392.1109619140625
QVQLVQSGAEVKKPGASVKVSCKASGYTFTSYGISWVRQAPGQGLEWMGWISAYNGNTNYAQKLQGRVTMTTDTSTTTAYMELRSLRSDDTAVYYCARASGLWLVGSGDYWGQGTLVTVSS,QVQLVQSGAEVKKPGASVKVSCKASGYTFTSYGISWVRQAPGQGLEWMGWISAYNGNTNYAQKLQGRVTMTTDTSTTTAYMELRSLRSDDTAVYYCARDRGYCSSTSCDYWGQGTLVTVSS,0000000000000000000000011111111100000000000000000011111111111111110000000000000000000000000000000011111111110000000000000,EIVLTQSPGTLSLSPGERATLSCRASQSVSSNFLAWYQQKPGQAPRLLIYGASSRATGVPDRFSGSGSGTDFTLTISRLEPEDFAVYYCQQYGSSPRTFGPGTKVEIK,EIVLTQSPGTLSLSPGERATLSCRASQSVSSNFLAWYQQKPGQAPRLLIYGASSRATGVPDRFSGSGSGTDFTLTISRLEPEDFAVYYCQQYGSSPRTFGPGTKVEIK,000000000000000000000000000000000000000000000000000000000000000000000000000000000000000000000000000000000000,2,aho_hcdr1_hcdr2_hcdr3,iglm_fixed_length=True_step_size=1.1_stability_coef=0.01_num_steps=5,True,1.5144412377849221,0.7714285714285715,QVQLVQSGAEVKKPGASVKVSCKASGYTFTSYGISWVRQAPGQGLEWMGWISAYNGNTNYAQKLQGRVTMTTDTSTTTAYMELRSLRSDDTAVYYCARDRGYCSSTSCDYWGQGTLVTVSSEIVLTQSPGTLSLSPGERATLSCRASQSVSSNFLAWYQQKPGQAPRLLIYGASSRATGVPDRFSGSGSGTDFTLTISRLEPEDFAVYYCQQYGSSPRTFGPGTKVEIK,229,24825.36879999999,0.1091703056768559,36.815720524017465,8.86390323638916,1.000312987012987,-0.3829694323144105,0.21834061135371177,0.3318777292576419,0.36681222707423583,0.06986899563318777,0.026200873362445413,0.034934497816593885,0.034934497816593885,0.026200873362445413,0.10043668122270742,0.0,0.026200873362445413,0.034934497816593885,0.06550218340611354,0.013100436681222707,0.017467248908296942,0.043668122270742356,0.06550218340611354,0.056768558951965066,0.13537117903930132,0.10043668122270742,0.06550218340611354,0.021834061135371178,0.0611353711790393,392.1109619140625
QLQLQESGPGLVKPSETLSLTCTVSGGSISSSSYYWGWIRQPPGKGLEWIGSIYYSGSTYYNPSLKSRVTISVDTSKNQFSLKLSSVTAADTAVYYCARQLGYGSGSYYNYYYMDVWGKGTTVTVSS,QLQLQESGPGLVKPSETLSLTCTVSGGSISSNYWYWGWIRQPPGKGLEWIGSISGSGGSTDYNPSLKRVTISVDTSKNQFSLKLSSVTAADTAVYYCARDRGYSGYYYYYYYMWDVWGKGTTVTVSS,0000000000000000000000011111111111000000000000000000111111111111111000000000000000000000000000000001111111111111110000000000000,DIQMTQSPSFLSASVGERVTLSCKASQNINKYLDWYQQKLGEAPKLLIYNTNNLHTGIPSRFSGSGSGTDYTLTISSLQPEDVATYFCLQRNSWPYTFGAGTKLELK,DIQMTQSPSFLSASVGERVTLSCKASQNINKYLDWYQQKLGEAPKLLIYNTNNLHTGIPSRFSGSGSGTDYTLTISSLQPEDVATYFCLQRNSWPYTFGAGTKLELK,00000000000000000000000000000000000000000000000000000000000000000000000000000000000000000000000000000000000,0,aho_hcdr1_hcdr2_hcdr3,iglm_fixed_length=True_step_size=1.1_stability_coef=0.01_num_steps=5,True,5.236035466194153,0.4146341463414634,QLQLQESGPGLVKPSETLSLTCTVSGGSISSNYWYWGWIRQPPGKGLEWIGSISGSGGSTDYNPSLKRVTISVDTSKNQFSLKLSSVTAADTAVYYCARDRGYSGYYYYYYYMWDVWGKGTTVTVSSDIQMTQSPSFLSASVGERVTLSCKASQNINKYLDWYQQKLGEAPKLLIYNTNNLHTGIPSRFSGSGSGTDYTLTISSLQPEDVATYFCLQRNSWPYTFGAGTKLELK,234,25908.606500000013,0.13675213675213677,33.68974358974357,8.543753242492677,0.9991641269841269,-0.38461538461538475,0.21794871794871795,0.3589743589743589,0.4102564102564103,0.038461538461538464,0.017094017094017096,0.038461538461538464,0.029914529914529916,0.021367521367521368,0.09829059829059829,0.004273504273504274,0.042735042735042736,0.05128205128205128,0.08974358974358974,0.008547008547008548,0.038461538461538464,0.042735042735042736,0.05128205128205128,0.029914529914529916,0.14102564102564102,0.08974358974358974,0.05128205128205128,0.03418803418803419,0.0811965811965812,445.3487548828125
QLQLQESGPGLVKPSETLSLTCTVSGGSISSSSYYWGWIRQPPGKGLEWIGSIYYSGSTYYNPSLKSRVTISVDTSKNQFSLKLSSVTAADTAVYYCARQLGYGSGSYYNYYYMDVWGKGTTVTVSS,QLQLQESGPGLVKPSETLSLTCTVSGGSISSNYWYWGWIRQPPGKGLEWIGSISGSGGSTDYNPSLKRVTISVDTSKNQFSLKLSSVTAADTAVYYCARDRGYSGYYYYYYYMGDVWGKGTTVTVSS,0000000000000000000000011111111111000000000000000000111111111111111000000000000000000000000000000001111111111111110000000000000,DIQMTQSPSFLSASVGERVTLSCKASQNINKYLDWYQQKLGEAPKLLIYNTNNLHTGIPSRFSGSGSGTDYTLTISSLQPEDVATYFCLQRNSWPYTFGAGTKLELK,DIQMTQSPSFLSASVGERVTLSCKASQNINKYLDWYQQKLGEAPKLLIYNTNNLHTGIPSRFSGSGSGTDYTLTISSLQPEDVATYFCLQRNSWPYTFGAGTKLELK,00000000000000000000000000000000000000000000000000000000000000000000000000000000000000000000000000000000000,1,aho_hcdr1_hcdr2_hcdr3,iglm_fixed_length=True_step_size=1.1_stability_coef=0.01_num_steps=5,True,5.094762682914734,0.4146341463414634,QLQLQESGPGLVKPSETLSLTCTVSGGSISSNYWYWGWIRQPPGKGLEWIGSISGSGGSTDYNPSLKRVTISVDTSKNQFSLKLSSVTAADTAVYYCARDRGYSGYYYYYYYMGDVWGKGTTVTVSSDIQMTQSPSFLSASVGERVTLSCKASQNINKYLDWYQQKLGEAPKLLIYNTNNLHTGIPSRFSGSGSGTDYTLTISSLQPEDVATYFCLQRNSWPYTFGAGTKLELK,234,25779.44790000001,0.13247863247863248,33.68974358974357,8.543753242492677,0.9997285714285715,-0.3824786324786326,0.21794871794871795,0.3632478632478633,0.405982905982906,0.038461538461538464,0.017094017094017096,0.038461538461538464,0.029914529914529916,0.021367521367521368,0.10256410256410256,0.004273504273504274,0.042735042735042736,0.05128205128205128,0.08974358974358974,0.008547008547008548,0.038461538461538464,0.042735042735042736,0.05128205128205128,0.029914529914529916,0.14102564102564102,0.08974358974358974,0.05128205128205128,0.029914529914529916,0.0811965811965812,441.2910461425781
QLQLQESGPGLVKPSETLSLTCTVSGGSISSSSYYWGWIRQPPGKGLEWIGSIYYSGSTYYNPSLKSRVTISVDTSKNQFSLKLSSVTAADTAVYYCARQLGYGSGSYYNYYYMDVWGKGTTVTVSS,QLQLQESGPGLVKPSETLSLTCTVSGGSISSNYWYWGWIRQPPGKGLEWIGSISGSGGSTDYNPSLKRVTISVDTSKNQFSLKLSSVTAADTAVYYCARDRGYSGYYYYYYYMGDVWGKGTTVTVSS,0000000000000000000000011111111111000000000000000000111111111111111000000000000000000000000000000001111111111111110000000000000,DIQMTQSPSFLSASVGERVTLSCKASQNINKYLDWYQQKLGEAPKLLIYNTNNLHTGIPSRFSGSGSGTDYTLTISSLQPEDVATYFCLQRNSWPYTFGAGTKLELK,DIQMTQSPSFLSASVGERVTLSCKASQNINKYLDWYQQKLGEAPKLLIYNTNNLHTGIPSRFSGSGSGTDYTLTISSLQPEDVATYFCLQRNSWPYTFGAGTKLELK,00000000000000000000000000000000000000000000000000000000000000000000000000000000000000000000000000000000000,2,aho_hcdr1_hcdr2_hcdr3,iglm_fixed_length=True_step_size=1.1_stability_coef=0.01_num_steps=5,True,5.094762682914734,0.4146341463414634,QLQLQESGPGLVKPSETLSLTCTVSGGSISSNYWYWGWIRQPPGKGLEWIGSISGSGGSTDYNPSLKRVTISVDTSKNQFSLKLSSVTAADTAVYYCARDRGYSGYYYYYYYMGDVWGKGTTVTVSSDIQMTQSPSFLSASVGERVTLSCKASQNINKYLDWYQQKLGEAPKLLIYNTNNLHTGIPSRFSGSGSGTDYTLTISSLQPEDVATYFCLQRNSWPYTFGAGTKLELK,234,25779.44790000001,0.13247863247863248,33.68974358974357,8.543753242492677,0.9997285714285715,-0.3824786324786326,0.21794871794871795,0.3632478632478633,0.405982905982906,0.038461538461538464,0.017094017094017096,0.038461538461538464,0.029914529914529916,0.021367521367521368,0.10256410256410256,0.004273504273504274,0.042735042735042736,0.05128205128205128,0.08974358974358974,0.008547008547008548,0.038461538461538464,0.042735042735042736,0.05128205128205128,0.029914529914529916,0.14102564102564102,0.08974358974358974,0.05128205128205128,0.029914529914529916,0.0811965811965812,441.2910461425781
QIQLVQSGPELKKPGETVKISCKASGYTFTNYGMNWVKQAPGKGLKWMGWINTNTGEPTYAEEFKGRFAFSLETSASTAYLQINNLKNEDTATYFCASGDYYGSRYFDYWGQGTTLTVSS,QIQLVQSGPELKKPGETVKISCKASGYTFTNYGMNWVKQAPGKGLKWMGWINTYTGEPTYADDFKGRFAFSLETSASTAYLQINNLKNEDTATYFCASYYGSSYYFFDYWGQGTTLTVSS,000000000000000000000001111111110000000000000000001111111111111111000000000000000000000000000000001111111110000000000000,DVVMTQTPLSLPVSLGDQASISCRSSQSLVHSNGNTYLHWYLQKPGQSPKLLIYKVSNRFSGVPDRFSGSGSGTDFTLKISRVEAEDLGVYFCSQSTHVPPYTFGGGTKLEIK,DVVMTQTPLSLPVSLGDQASISCRSSQSLVHSNGNTYLHWYLQKPGQSPKLLIYKVSNRFSGVPDRFSGSGSGTDFTLKISRVEAEDLGVYFCSQSTHVPPYTFGGGTKLEIK,00000000000000000000000000000000000000000000000000000000000000000000000000000000000000000000000000000000000000000,0,aho_hcdr1_hcdr2_hcdr3,iglm_fixed_length=True_step_size=1.1_stability_coef=0.01_num_steps=5,True,0.9278515428304672,0.6764705882352942,QIQLVQSGPELKKPGETVKISCKASGYTFTNYGMNWVKQAPGKGLKWMGWINTYTGEPTYADDFKGRFAFSLETSASTAYLQINNLKNEDTATYFCASYYGSSYYFFDYWGQGTTLTVSSDVVMTQTPLSLPVSLGDQASISCRSSQSLVHSNGNTYLHWYLQKPGQSPKLLIYKVSNRFSGVPDRFSGSGSGTDFTLKISRVEAEDLGVYFCSQSTHVPPYTFGGGTKLEIK,233,25763.55750000001,0.14163090128755365,30.275965665236058,8.545171546936036,1.0005120110544217,-0.3712446351931332,0.2317596566523605,0.34334763948497854,0.3991416309012875,0.04291845493562232,0.017167381974248927,0.03862660944206009,0.034334763948497854,0.05150214592274678,0.09871244635193133,0.012875536480686695,0.034334763948497854,0.06437768240343347,0.07725321888412018,0.012875536480686695,0.03862660944206009,0.04721030042918455,0.05150214592274678,0.02145922746781116,0.12017167381974249,0.09012875536480687,0.055793991416309016,0.02145922746781116,0.06866952789699571,497.9150695800781
QIQLVQSGPELKKPGETVKISCKASGYTFTNYGMNWVKQAPGKGLKWMGWINTNTGEPTYAEEFKGRFAFSLETSASTAYLQINNLKNEDTATYFCASGDYYGSRYFDYWGQGTTLTVSS,QIQLVQSGPELKKPGETVKISCKASGYTFTNYGMNWVKQAPGKGLKWMGWINTYTGEPTYADDFKGRFAFSLETSASTAYLQINNLKNEDTATYFCASSYYYGSSYYDYWGQGTTLTVSS,000000000000000000000001111111110000000000000000001111111111111111000000000000000000000000000000001111111110000000000000,DVVMTQTPLSLPVSLGDQASISCRSSQSLVHSNGNTYLHWYLQKPGQSPKLLIYKVSNRFSGVPDRFSGSGSGTDFTLKISRVEAEDLGVYFCSQSTHVPPYTFGGGTKLEIK,DVVMTQTPLSLPVSLGDQASISCRSSQSLVHSNGNTYLHWYLQKPGQSPKLLIYKVSNRFSGVPDRFSGSGSGTDFTLKISRVEAEDLGVYFCSQSTHVPPYTFGGGTKLEIK,00000000000000000000000000000000000000000000000000000000000000000000000000000000000000000000000000000000000000000,1,aho_hcdr1_hcdr2_hcdr3,iglm_fixed_length=True_step_size=1.1_stability_coef=0.01_num_steps=5,True,1.6214315332472324,0.7941176470588235,QIQLVQSGPELKKPGETVKISCKASGYTFTNYGMNWVKQAPGKGLKWMGWINTYTGEPTYADDFKGRFAFSLETSASTAYLQINNLKNEDTATYFCASSYYYGSSYYDYWGQGTTLTVSSDVVMTQTPLSLPVSLGDQASISCRSSQSLVHSNGNTYLHWYLQKPGQSPKLLIYKVSNRFSGVPDRFSGSGSGTDFTLKISRVEAEDLGVYFCSQSTHVPPYTFGGGTKLEIK,233,25719.46040000001,0.13733905579399142,32.118884120171685,8.537435340881348,1.0011593324829933,-0.40429184549356245,0.2317596566523605,0.3476394849785408,0.39484978540772536,0.04291845493562232,0.017167381974248927,0.03862660944206009,0.034334763948497854,0.04291845493562232,0.09871244635193133,0.012875536480686695,0.034334763948497854,0.06437768240343347,0.07725321888412018,0.012875536480686695,0.03862660944206009,0.04721030042918455,0.05150214592274678,0.02145922746781116,0.12446351931330472,0.09012875536480687,0.055793991416309016,0.02145922746781116,0.07296137339055794,492.7572326660156
QIQLVQSGPELKKPGETVKISCKASGYTFTNYGMNWVKQAPGKGLKWMGWINTNTGEPTYAEEFKGRFAFSLETSASTAYLQINNLKNEDTATYFCASGDYYGSRYFDYWGQGTTLTVSS,QIQLVQSGPELKKPGETVKISCKASGYTFTNYGMNWVKQAPGKGLKWMGWINTYTGEPTYADDFKGRFAFSLETSASTAYLQINNLKNEDTATYFCASYYGSSYYFFDYWGQGTTLTVSS,000000000000000000000001111111110000000000000000001111111111111111000000000000000000000000000000001111111110000000000000,DVVMTQTPLSLPVSLGDQASISCRSSQSLVHSNGNTYLHWYLQKPGQSPKLLIYKVSNRFSGVPDRFSGSGSGTDFTLKISRVEAEDLGVYFCSQSTHVPPYTFGGGTKLEIK,DVVMTQTPLSLPVSLGDQASISCRSSQSLVHSNGNTYLHWYLQKPGQSPKLLIYKVSNRFSGVPDRFSGSGSGTDFTLKISRVEAEDLGVYFCSQSTHVPPYTFGGGTKLEIK,00000000000000000000000000000000000000000000000000000000000000000000000000000000000000000000000000000000000000000,2,aho_hcdr1_hcdr2_hcdr3,iglm_fixed_length=True_step_size=1.1_stability_coef=0.01_num_steps=5,True,0.9278515428304672,0.6764705882352942,QIQLVQSGPELKKPGETVKISCKASGYTFTNYGMNWVKQAPGKGLKWMGWINTYTGEPTYADDFKGRFAFSLETSASTAYLQINNLKNEDTATYFCASYYGSSYYFFDYWGQGTTLTVSSDVVMTQTPLSLPVSLGDQASISCRSSQSLVHSNGNTYLHWYLQKPGQSPKLLIYKVSNRFSGVPDRFSGSGSGTDFTLKISRVEAEDLGVYFCSQSTHVPPYTFGGGTKLEIK,233,25763.55750000001,0.14163090128755365,30.275965665236058,8.545171546936036,1.0005120110544217,-0.3712446351931332,0.2317596566523605,0.34334763948497854,0.3991416309012875,0.04291845493562232,0.017167381974248927,0.03862660944206009,0.034334763948497854,0.05150214592274678,0.09871244635193133,0.012875536480686695,0.034334763948497854,0.06437768240343347,0.07725321888412018,0.012875536480686695,0.03862660944206009,0.04721030042918455,0.05150214592274678,0.02145922746781116,0.12017167381974249,0.09012875536480687,0.055793991416309016,0.02145922746781116,0.06866952789699571,497.9150695800781
EVQLVESGGGLVQPGRSMKLSCAASGFTFNNYDMAWVCQAPKKGLEWVATISYDGSSTYYRDSVKGRFTISRDNIKSTLYLQMDSLRSEDTATYYCARQARGFAYWGQGTLVTVSS,EVQLVESGGGLVQPGRSMKLSCAASGFTFSSYDMAWVCQAPKKGLEWVATINSGGGSTYYADSVKGRFTISRDNIKSTLYLQMDSLRSEDTATYYCARDPRGGAYWGQGTLVTVSS,00000000000000000000000111111111000000000000000000111111111111111100000000000000000000000000000000111110000000000000,DIQMTQSPASLSASLGETVTIECLASEDIYSNLAWYQQKPGKSPQLLIYDASSLQDGVPSRFSGSESGTQYSLEINSLQSEDAATYFCQQHHDYPLTFGSGTKLEIK,DIQMTQSPASLSASLGETVTIECLASEDIYSNLAWYQQKPGKSPQLLIYDASSLQDGVPSRFSGSESGTQYSLEINSLQSEDAATYFCQQHHDYPLTFGSGTKLEIK,00000000000000000000000000000000000000000000000000000000000000000000000000000000000000000000000000000000000,0,aho_hcdr1_hcdr2_hcdr3,iglm_fixed_length=True_step_size=1.1_stability_coef=0.01_num_steps=5,True,4.562724635004997,0.6666666666666666,EVQLVESGGGLVQPGRSMKLSCAASGFTFSSYDMAWVCQAPKKGLEWVATINSGGGSTYYADSVKGRFTISRDNIKSTLYLQMDSLRSEDTATYYCARDPRGGAYWGQGTLVTVSSDIQMTQSPASLSASLGETVTIECLASEDIYSNLAWYQQKPGKSPQLLIYDASSLQDGVPSRFSGSESGTQYSLEINSLQSEDAATYFCQQHHDYPLTFGSGTKLEIK,223,24184.5323,0.10313901345291479,56.14215246636771,4.814683341979981,1.0022977303070761,-0.3502242152466369,0.2645739910313901,0.34529147982062774,0.3452914798206278,0.07174887892376682,0.02242152466367713,0.053811659192825115,0.04932735426008968,0.026905829596412557,0.09417040358744394,0.008968609865470852,0.04035874439461883,0.04035874439461883,0.08520179372197309,0.017937219730941704,0.017937219730941704,0.03587443946188341,0.06726457399103139,0.03139013452914798,0.14349775784753363,0.07174887892376682,0.04484304932735426,0.017937219730941704,0.05829596412556054,434.093994140625
EVQLVESGGGLVQPGRSMKLSCAASGFTFNNYDMAWVCQAPKKGLEWVATISYDGSSTYYRDSVKGRFTISRDNIKSTLYLQMDSLRSEDTATYYCARQARGFAYWGQGTLVTVSS,EVQLVESGGGLVQPGRSMKLSCAASGFTFSSYDMAWVCQAPKKGLEWVATINSGGGSTYYADSVKGRFTISRDNIKSTLYLQMDSLRSEDTATYYCARDLGGSAYWGQGTLVTVSS,00000000000000000000000111111111000000000000000000111111111111111100000000000000000000000000000000111110000000000000,DIQMTQSPASLSASLGETVTIECLASEDIYSNLAWYQQKPGKSPQLLIYDASSLQDGVPSRFSGSESGTQYSLEINSLQSEDAATYFCQQHHDYPLTFGSGTKLEIK,DIQMTQSPASLSASLGETVTIECLASEDIYSNLAWYQQKPGKSPQLLIYDASSLQDGVPSRFSGSESGTQYSLEINSLQSEDAATYFCQQHHDYPLTFGSGTKLEIK,00000000000000000000000000000000000000000000000000000000000000000000000000000000000000000000000000000000000,1,aho_hcdr1_hcdr2_hcdr3,iglm_fixed_length=True_step_size=1.1_stability_coef=0.01_num_steps=5,True,4.182998135685921,0.6333333333333333,EVQLVESGGGLVQPGRSMKLSCAASGFTFSSYDMAWVCQAPKKGLEWVATINSGGGSTYYADSVKGRFTISRDNIKSTLYLQMDSLRSEDTATYYCARDLGGSAYWGQGTLVTVSSDIQMTQSPASLSASLGETVTIECLASEDIYSNLAWYQQKPGKSPQLLIYDASSLQDGVPSRFSGSESGTQYSLEINSLQSEDAATYFCQQHHDYPLTFGSGTKLEIK,223,24131.4663,0.10313901345291479,57.241704035874434,4.711634254455566,1.0019425901201602,-0.30941704035874446,0.26905829596412556,0.3452914798206278,0.3497757847533632,0.07174887892376682,0.02242152466367713,0.053811659192825115,0.04932735426008968,0.026905829596412557,0.09417040358744394,0.008968609865470852,0.04035874439461883,0.04035874439461883,0.08968609865470852,0.017937219730941704,0.017937219730941704,0.03139013452914798,0.06726457399103139,0.026905829596412557,0.14798206278026907,0.07174887892376682,0.04484304932735426,0.017937219730941704,0.05829596412556054,435.4352111816406
EVQLVESGGGLVQPGRSMKLSCAASGFTFNNYDMAWVCQAPKKGLEWVATISYDGSSTYYRDSVKGRFTISRDNIKSTLYLQMDSLRSEDTATYYCARQARGFAYWGQGTLVTVSS,EVQLVESGGGLVQPGRSMKLSCAASGFTFSSYDMAWVCQAPKKGLEWVATINSGGGSTYYADSVKGRFTISRDNIKSTLYLQMDSLRSEDTATYYCARDRGGSAYWGQGTLVTVSS,00000000000000000000000111111111000000000000000000111111111111111100000000000000000000000000000000111110000000000000,DIQMTQSPASLSASLGETVTIECLASEDIYSNLAWYQQKPGKSPQLLIYDASSLQDGVPSRFSGSESGTQYSLEINSLQSEDAATYFCQQHHDYPLTFGSGTKLEIK,DIQMTQSPASLSASLGETVTIECLASEDIYSNLAWYQQKPGKSPQLLIYDASSLQDGVPSRFSGSESGTQYSLEINSLQSEDAATYFCQQHHDYPLTFGSGTKLEIK,00000000000000000000000000000000000000000000000000000000000000000000000000000000000000000000000000000000000,2,aho_hcdr1_hcdr2_hcdr3,iglm_fixed_length=True_step_size=1.1_stability_coef=0.01_num_steps=5,True,4.091629892587662,0.6333333333333333,EVQLVESGGGLVQPGRSMKLSCAASGFTFSSYDMAWVCQAPKKGLEWVATINSGGGSTYYADSVKGRFTISRDNIKSTLYLQMDSLRSEDTATYYCARDRGGSAYWGQGTLVTVSSDIQMTQSPASLSASLGETVTIECLASEDIYSNLAWYQQKPGKSPQLLIYDASSLQDGVPSRFSGSESGTQYSLEINSLQSEDAATYFCQQHHDYPLTFGSGTKLEIK,223,24174.4944,0.10313901345291479,56.52286995515695,4.814683341979981,1.0022837116154875,-0.34663677130044845,0.2645739910313901,0.3452914798206278,0.3452914798206278,0.07174887892376682,0.02242152466367713,0.053811659192825115,0.04932735426008968,0.026905829596412557,0.09417040358744394,0.008968609865470852,0.04035874439461883,0.04035874439461883,0.08520179372197309,0.017937219730941704,0.017937219730941704,0.03139013452914798,0.06726457399103139,0.03139013452914798,0.14798206278026907,0.07174887892376682,0.04484304932735426,0.017937219730941704,0.05829596412556054,437.08660888671875
