vh_seed,vl_seed,sample_num,vh_sample,vl_sample,vh_mask,vl_mask,sample_tag,model_tag,fixed_length,guidance_step_size,guidance_stability_coef,guidance_num_steps,guidance_guidance_layer,guidance_return_best,autoregressive_sample,vh_infill_perplexity,seq_recovery,seq,length,molecular_weight,aromaticity,instability_index,isoelectric_point,avg_flexibility,gravy,ss_perc_helix,ss_perc_turn,ss_perc_sheet,aa_perc_A,aa_perc_C,aa_perc_D,aa_perc_E,aa_perc_F,aa_perc_G,aa_perc_H,aa_perc_I,aa_perc_K,aa_perc_L,aa_perc_M,aa_perc_N,aa_perc_P,aa_perc_Q,aa_perc_R,aa_perc_S,aa_perc_T,aa_perc_V,aa_perc_W,aa_perc_Y,lm_nll
EVQLVQSGAEVKKPGESLKISCKGSGYSFTSYWIGWVRQMPGKGLEWMGIIYPSDSDTRYSPSFQGQVTISADKSISTACLQWSSLKASDTAMYYCARRNNWNYDTFDIWGQGTMVTVSS,SYELTQPPSVSVSPGQTARITCSGDALPKQYAYWYQQKPGQAPVLVIYKDSERPSGIPERFSGSSSGTTVTLTISGVQAEDEADYYCQSADSSGTYEVFGGGTKLTVL,0,EVQLVQSGAEVKKPGESLKISCKASGYLFTEMWIGWVRQMPGKGLEWMGIIKPEDSEKKYSPSFQGQVTISADKSISTACLQWSSLKASDTAMYYCARPPEEPEPPMEIWGQGTMVTVSS,SYELTQPPSVSVSPGQTARITCSGDALPKQYAYWYQQKPGQAPVLVIYKDSERPSGIPERFSGSSSGTTVTLTISGVQAEDEADYYCQSADSSGTYEVFGGGTKLTVL,000000000000000000000001111111111000000000000000001111111111111111100000000000000000000000000000001111111111000000000000,000000000000000000000000000000000000000000000000000000000000000000000000000000000000000000000000000000000000,aho_hcdr1_hcdr2_hcdr3,mlm_fixed_length=True_autoregressive_sample=False_step_size=1.0_stability_coef=0.1_num_steps=5_guidance_layer=last_return_best=False,True,1.0,0.1,5,last,False,False,7.40777051448822,0.4864864864864865,EVQLVQSGAEVKKPGESLKISCKASGYLFTEMWIGWVRQMPGKGLEWMGIIKPEDSEKKYSPSFQGQVTISADKSISTACLQWSSLKASDTAMYYCARPPEEPEPPMEIWGQGTMVTVSSSYELTQPPSVSVSPGQTARITCSGDALPKQYAYWYQQKPGQAPVLVIYKDSERPSGIPERFSGSSSGTTVTLTISGVQAEDEADYYCQSADSSGTYEVFGGGTKLTVL,228,24761.55219999999,0.09649122807017543,48.910087719298225,4.848161506652831,1.007979071537291,-0.3969298245614036,0.2763157894736842,0.3333333333333333,0.3333333333333333,0.06140350877192982,0.021929824561403508,0.03508771929824561,0.07456140350877193,0.017543859649122806,0.09210526315789473,0.0,0.04824561403508772,0.06140350877192982,0.05263157894736842,0.02631578947368421,0.0,0.07456140350877193,0.06578947368421052,0.021929824561403508,0.13157894736842105,0.07017543859649122,0.06578947368421052,0.02631578947368421,0.05263157894736842,479.83831787109375
EVQLVQSGAEVKKPGESLKISCKGSGYSFTSYWIGWVRQMPGKGLEWMGIIYPSDSDTRYSPSFQGQVTISADKSISTACLQWSSLKASDTAMYYCARRNNWNYDTFDIWGQGTMVTVSS,SYELTQPPSVSVSPGQTARITCSGDALPKQYAYWYQQKPGQAPVLVIYKDSERPSGIPERFSGSSSGTTVTLTISGVQAEDEADYYCQSADSSGTYEVFGGGTKLTVL,1,EVQLVQSGAEVKKPGESLKISCKASKMTFTMMMIGWVRQMPGKGLEWMGIIEPEDSETKYSPSFKGQVTISADKSISTACLQWSSLKASDTAMYYCARVAPPMMLPMDIWGQGTMVTVSS,SYELTQPPSVSVSPGQTARITCSGDALPKQYAYWYQQKPGQAPVLVIYKDSERPSGIPERFSGSSSGTTVTLTISGVQAEDEADYYCQSADSSGTYEVFGGGTKLTVL,000000000000000000000001111111111000000000000000001111111111111111100000000000000000000000000000001111111111000000000000,000000000000000000000000000000000000000000000000000000000000000000000000000000000000000000000000000000000000,aho_hcdr1_hcdr2_hcdr3,mlm_fixed_length=True_autoregressive_sample=False_step_size=1.0_stability_coef=0.1_num_steps=5_guidance_layer=last_return_best=False,True,1.0,0.1,5,last,False,False,9.35954463481903,0.43243243243243246,EVQLVQSGAEVKKPGESLKISCKASKMTFTMMMIGWVRQMPGKGLEWMGIIEPEDSETKYSPSFKGQVTISADKSISTACLQWSSLKASDTAMYYCARVAPPMMLPMDIWGQGTMVTVSSSYELTQPPSVSVSPGQTARITCSGDALPKQYAYWYQQKPGQAPVLVIYKDSERPSGIPERFSGSSSGTTVTLTISGVQAEDEADYYCQSADSSGTYEVFGGGTKLTVL,228,24659.78629999999,0.08771929824561403,46.52763157894735,5.12309169769287,1.0050658295281583,-0.24824561403508769,0.2850877192982456,0.32456140350877194,0.337719298245614,0.06578947368421052,0.021929824561403508,0.039473684210526314,0.05701754385964912,0.017543859649122806,0.08771929824561403,0.0,0.04824561403508772,0.06140350877192982,0.05263157894736842,0.04824561403508772,0.0,0.06578947368421052,0.06140350877192982,0.021929824561403508,0.13157894736842105,0.07894736842105263,0.07017543859649122,0.021929824561403508,0.04824561403508772,465.2886657714844
EVQLVQSGAEVKKPGESLKISCKGSGYSFTSYWIGWVRQMPGKGLEWMGIIYPSDSDTRYSPSFQGQVTISADKSISTACLQWSSLKASDTAMYYCARRNNWNYDTFDIWGQGTMVTVSS,SYELTQPPSVSVSPGQTARITCSGDALPKQYAYWYQQKPGQAPVLVIYKDSERPSGIPERFSGSSSGTTVTLTISGVQAEDEADYYCQSADSSGTYEVFGGGTKLTVL,2,EVQLVQSGAEVKKPGESLKISCKASEYMFNEYWIGWVRQMPGKGLEWMGIIEPPESETKYEPSFMGQVTISADKSISTACLQWSSLKASDTAMYYCARPMVMPPPCLMIWGQGTMVTVSS,SYELTQPPSVSVSPGQTARITCSGDALPKQYAYWYQQKPGQAPVLVIYKDSERPSGIPERFSGSSSGTTVTLTISGVQAEDEADYYCQSADSSGTYEVFGGGTKLTVL,000000000000000000000001111111111000000000000000001111111111111111100000000000000000000000000000001111111111000000000000,000000000000000000000000000000000000000000000000000000000000000000000000000000000000000000000000000000000000,aho_hcdr1_hcdr2_hcdr3,mlm_fixed_length=True_autoregressive_sample=False_step_size=1.0_stability_coef=0.1_num_steps=5_guidance_layer=last_return_best=False,True,1.0,0.1,5,last,False,False,8.551729679107666,0.40540540540540543,EVQLVQSGAEVKKPGESLKISCKASEYMFNEYWIGWVRQMPGKGLEWMGIIEPPESETKYEPSFMGQVTISADKSISTACLQWSSLKASDTAMYYCARPMVMPPPCLMIWGQGTMVTVSSSYELTQPPSVSVSPGQTARITCSGDALPKQYAYWYQQKPGQAPVLVIYKDSERPSGIPERFSGSSSGTTVTLTISGVQAEDEADYYCQSADSSGTYEVFGGGTKLTVL,228,24861.88609999999,0.10087719298245613,49.76929824561401,4.8048501968383786,1.0042804414003046,-0.2780701754385966,0.2763157894736842,0.32456140350877194,0.3421052631578947,0.06140350877192982,0.02631578947368421,0.03070175438596491,0.07017543859649122,0.017543859649122806,0.08771929824561403,0.0,0.04824561403508772,0.05263157894736842,0.05263157894736842,0.039473684210526314,0.0043859649122807015,0.07456140350877193,0.06140350877192982,0.021929824561403508,0.12719298245614036,0.07017543859649122,0.07017543859649122,0.02631578947368421,0.05701754385964912,480.08935546875
EVQLVESGGGLVQPGRSLKLSCAASGFTFSNYYMAWVRQAPKKGLEWVATISTSGSRTYYPDSVKGRFTISRDNAKSSLYLQMNSLKSEDTATYYCAREGVYYYDGYYRGNWFAYWGQGTLVTVSS,ETVMTQSPASMSTSVGERVTVNCKASQSVGSVVAWFQQIPGQSPKRLIYLASNRHTGVPDRFTGSGFGRDFTLTISNVEAEDLAVYYCLQYDSIPYTFGAGTKLELK,0,EVQLVESGGGLVQPGRSLKLSCAASGFTFSNYYMAWVRQAPKKGLEWVATISTSGSRTYYPDSVKGRFTISRDNAKSSLYLQMNSLKSEDTATYYCARQAEEAMVLLVELEEGAYWGQGTLVTVSS,ETVMTQSPASMSTSVGERVTVNCKASQSVGSVVAWFQQIPGQSPKRLIYLASNRHTGVPDRFTGSGFGRDFTLTISNVEAEDLAVYYCLQYDSIPYTFGAGTKLELK,000000000000000000000001111111111000000000000000001111111111111111100000000000000000000000000000001111111111111111000000000000,00000000000000000000000000000000000000000000000000000000000000000000000000000000000000000000000000000000000,aho_hcdr1_hcdr2_hcdr3,mlm_fixed_length=True_autoregressive_sample=False_step_size=1.0_stability_coef=0.1_num_steps=5_guidance_layer=last_return_best=False,True,1.0,0.1,5,last,False,False,4.611759543418884,0.6511627906976745,EVQLVESGGGLVQPGRSLKLSCAASGFTFSNYYMAWVRQAPKKGLEWVATISTSGSRTYYPDSVKGRFTISRDNAKSSLYLQMNSLKSEDTATYYCARQAEEAMVLLVELEEGAYWGQGTLVTVSSETVMTQSPASMSTSVGERVTVNCKASQSVGSVVAWFQQIPGQSPKRLIYLASNRHTGVPDRFTGSGFGRDFTLTISNVEAEDLAVYYCLQYDSIPYTFGAGTKLELK,233,25470.3756,0.1072961373390558,44.11158798283262,6.873732566833497,0.9988938137755101,-0.20472103004291853,0.28326180257510725,0.296137339055794,0.3819742489270386,0.07725321888412018,0.017167381974248927,0.030042918454935622,0.060085836909871244,0.034334763948497854,0.08583690987124463,0.004291845493562232,0.02575107296137339,0.04291845493562232,0.0815450643776824,0.02145922746781116,0.02575107296137339,0.034334763948497854,0.05150214592274678,0.04721030042918455,0.12017167381974249,0.0815450643776824,0.08583690987124463,0.017167381974248927,0.055793991416309016,448.1222839355469
EVQLVESGGGLVQPGRSLKLSCAASGFTFSNYYMAWVRQAPKKGLEWVATISTSGSRTYYPDSVKGRFTISRDNAKSSLYLQMNSLKSEDTATYYCAREGVYYYDGYYRGNWFAYWGQGTLVTVSS,ETVMTQSPASMSTSVGERVTVNCKASQSVGSVVAWFQQIPGQSPKRLIYLASNRHTGVPDRFTGSGFGRDFTLTISNVEAEDLAVYYCLQYDSIPYTFGAGTKLELK,1,EVQLVESGGGLVQPGRSLKLSCAASGFTFSNYYMAWVRQAPKKGLEWVATISTSGSRTYYPDSVKGRFTISRDNAKSSLYLQMNSLKSEDTATYYCARLEVAEEMLLGGAEEKAYWGQGTLVTVSS,ETVMTQSPASMSTSVGERVTVNCKASQSVGSVVAWFQQIPGQSPKRLIYLASNRHTGVPDRFTGSGFGRDFTLTISNVEAEDLAVYYCLQYDSIPYTFGAGTKLELK,000000000000000000000001111111111000000000000000001111111111111111100000000000000000000000000000001111111111111111000000000000,00000000000000000000000000000000000000000000000000000000000000000000000000000000000000000000000000000000000,aho_hcdr1_hcdr2_hcdr3,mlm_fixed_length=True_autoregressive_sample=False_step_size=1.0_stability_coef=0.1_num_steps=5_guidance_layer=last_return_best=False,True,1.0,0.1,5,last,False,False,4.882085382938385,0.6744186046511628,EVQLVESGGGLVQPGRSLKLSCAASGFTFSNYYMAWVRQAPKKGLEWVATISTSGSRTYYPDSVKGRFTISRDNAKSSLYLQMNSLKSEDTATYYCARLEVAEEMLLGGAEEKAYWGQGTLVTVSSETVMTQSPASMSTSVGERVTVNCKASQSVGSVVAWFQQIPGQSPKRLIYLASNRHTGVPDRFTGSGFGRDFTLTISNVEAEDLAVYYCLQYDSIPYTFGAGTKLELK,233,25428.339,0.1072961373390558,43.814592274678105,7.85039577484131,0.9996304209183674,-0.22618025751072957,0.2875536480686695,0.30042918454935624,0.37768240343347637,0.07725321888412018,0.017167381974248927,0.030042918454935622,0.060085836909871244,0.034334763948497854,0.09012875536480687,0.004291845493562232,0.02575107296137339,0.04721030042918455,0.0815450643776824,0.02145922746781116,0.02575107296137339,0.034334763948497854,0.04721030042918455,0.04721030042918455,0.12017167381974249,0.0815450643776824,0.0815450643776824,0.017167381974248927,0.055793991416309016,457.0223693847656
EVQLVESGGGLVQPGRSLKLSCAASGFTFSNYYMAWVRQAPKKGLEWVATISTSGSRTYYPDSVKGRFTISRDNAKSSLYLQMNSLKSEDTATYYCAREGVYYYDGYYRGNWFAYWGQGTLVTVSS,ETVMTQSPASMSTSVGERVTVNCKASQSVGSVVAWFQQIPGQSPKRLIYLASNRHTGVPDRFTGSGFGRDFTLTISNVEAEDLAVYYCLQYDSIPYTFGAGTKLELK,2,EVQLVESGGGLVQPGRSLKLSCAASGFTFSNYYMAWVRQAPKKGLEWVATISTSGSRTYYPDSVKGRFTISRDNAKSSLYLQMNSLKSEDTATYYCARLEGELLLMLLVLWLEAYWGQGTLVTVSS,ETVMTQSPASMSTSVGERVTVNCKASQSVGSVVAWFQQIPGQSPKRLIYLASNRHTGVPDRFTGSGFGRDFTLTISNVEAEDLAVYYCLQYDSIPYTFGAGTKLELK,000000000000000000000001111111111000000000000000001111111111111111100000000000000000000000000000001111111111111111000000000000,00000000000000000000000000000000000000000000000000000000000000000000000000000000000000000000000000000000000,aho_hcdr1_hcdr2_hcdr3,mlm_fixed_length=True_autoregressive_sample=False_step_size=1.0_stability_coef=0.1_num_steps=5_guidance_layer=last_return_best=False,True,1.0,0.1,5,last,False,False,4.548424541950226,0.6511627906976745,EVQLVESGGGLVQPGRSLKLSCAASGFTFSNYYMAWVRQAPKKGLEWVATISTSGSRTYYPDSVKGRFTISRDNAKSSLYLQMNSLKSEDTATYYCARLEGELLLMLLVLWLEAYWGQGTLVTVSSETVMTQSPASMSTSVGERVTVNCKASQSVGSVVAWFQQIPGQSPKRLIYLASNRHTGVPDRFTGSGFGRDFTLTISNVEAEDLAVYYCLQYDSIPYTFGAGTKLELK,233,25594.7295,0.11158798283261803,42.07339055793991,8.332877159118652,0.9964607780612245,-0.11545064377682406,0.2875536480686695,0.296137339055794,0.4034334763948498,0.06866952789699571,0.017167381974248927,0.030042918454935622,0.05150214592274678,0.034334763948497854,0.08583690987124463,0.004291845493562232,0.02575107296137339,0.04291845493562232,0.10300429184549356,0.02145922746781116,0.02575107296137339,0.034334763948497854,0.04721030042918455,0.04721030042918455,0.12017167381974249,0.0815450643776824,0.0815450643776824,0.02145922746781116,0.055793991416309016,446.1517639160156
QVQLVQSGAEVKKPGASVKVSCKASGYTFTSYGISWVRQAPGQGLEWMGWISAYNGNTNYAQKLQGRVTMTTDTSTTTAYMELRSLRSDDTAVYYCARASGLWLVGSGDYWGQGTLVTVSS,EIVLTQSPGTLSLSPGERATLSCRASQSVSSNFLAWYQQKPGQAPRLLIYGASSRATGVPDRFSGSGSGTDFTLTISRLEPEDFAVYYCQQYGSSPRTFGPGTKVEIK,0,QVQLVQSGAEVKKPGASVKVSCKASLLTFKALAISWVRQAPGQGLEWMGWMELLDAKEKMAQKFQGRVTMTTDTSTTTAYMELRSLRSDDTAVYYCARQPEEPLMVSLDYWGQGTLVTVSS,EIVLTQSPGTLSLSPGERATLSCRASQSVSSNFLAWYQQKPGQAPRLLIYGASSRATGVPDRFSGSGSGTDFTLTISRLEPEDFAVYYCQQYGSSPRTFGPGTKVEIK,0000000000000000000000011111111110000000000000000011111111111111111000000000000000000000000000000011111111111000000000000,000000000000000000000000000000000000000000000000000000000000000000000000000000000000000000000000000000000000,aho_hcdr1_hcdr2_hcdr3,mlm_fixed_length=True_autoregressive_sample=False_step_size=1.0_stability_coef=0.1_num_steps=5_guidance_layer=last_return_best=False,True,1.0,0.1,5,last,False,False,9.078786134719849,0.34210526315789475,QVQLVQSGAEVKKPGASVKVSCKASLLTFKALAISWVRQAPGQGLEWMGWMELLDAKEKMAQKFQGRVTMTTDTSTTTAYMELRSLRSDDTAVYYCARQPEEPLMVSLDYWGQGTLVTVSSEIVLTQSPGTLSLSPGERATLSCRASQSVSSNFLAWYQQKPGQAPRLLIYGASSRATGVPDRFSGSGSGTDFTLTISRLEPEDFAVYYCQQYGSSPRTFGPGTKVEIK,229,24996.066499999986,0.09170305676855896,43.27685589519652,8.642841148376466,1.0015038961038962,-0.2711790393013101,0.296943231441048,0.2925764192139738,0.36244541484716153,0.07860262008733625,0.017467248908296942,0.034934497816593885,0.05240174672489083,0.03056768558951965,0.08296943231441048,0.0,0.021834061135371178,0.048034934497816595,0.09170305676855896,0.026200873362445413,0.004366812227074236,0.05240174672489083,0.06986899563318777,0.05240174672489083,0.11790393013100436,0.08733624454148471,0.06986899563318777,0.021834061135371178,0.039301310043668124,431.9356689453125
QVQLVQSGAEVKKPGASVKVSCKASGYTFTSYGISWVRQAPGQGLEWMGWISAYNGNTNYAQKLQGRVTMTTDTSTTTAYMELRSLRSDDTAVYYCARASGLWLVGSGDYWGQGTLVTVSS,EIVLTQSPGTLSLSPGERATLSCRASQSVSSNFLAWYQQKPGQAPRLLIYGASSRATGVPDRFSGSGSGTDFTLTISRLEPEDFAVYYCQQYGSSPRTFGPGTKVEIK,1,QVQLVQSGAEVKKPGASVKVSCKMSKMLFLMYMISWVRQAPGQGLEWMGWMEPKERQKEYAQKFQGRVTMTTDTSTTTAYMELRSLRSDDTAVYYCAREEMMPQEALDVYWGQGTLVTVSS,EIVLTQSPGTLSLSPGERATLSCRASQSVSSNFLAWYQQKPGQAPRLLIYGASSRATGVPDRFSGSGSGTDFTLTISRLEPEDFAVYYCQQYGSSPRTFGPGTKVEIK,0000000000000000000000011111111110000000000000000011111111111111111000000000000000000000000000000011111111111000000000000,000000000000000000000000000000000000000000000000000000000000000000000000000000000000000000000000000000000000,aho_hcdr1_hcdr2_hcdr3,mlm_fixed_length=True_autoregressive_sample=False_step_size=1.0_stability_coef=0.1_num_steps=5_guidance_layer=last_return_best=False,True,1.0,0.1,5,last,False,False,10.992663145065308,0.2631578947368421,QVQLVQSGAEVKKPGASVKVSCKMSKMLFLMYMISWVRQAPGQGLEWMGWMEPKERQKEYAQKFQGRVTMTTDTSTTTAYMELRSLRSDDTAVYYCAREEMMPQEALDVYWGQGTLVTVSSEIVLTQSPGTLSLSPGERATLSCRASQSVSSNFLAWYQQKPGQAPRLLIYGASSRATGVPDRFSGSGSGTDFTLTISRLEPEDFAVYYCQQYGSSPRTFGPGTKVEIK,229,25420.607099999994,0.10043668122270742,51.730567685589534,8.622211265563966,1.0019402597402598,-0.3829694323144106,0.2925764192139738,0.2838427947598253,0.3493449781659388,0.06550218340611354,0.017467248908296942,0.03056768558951965,0.0611353711790393,0.03056768558951965,0.08296943231441048,0.0,0.021834061135371178,0.048034934497816595,0.07423580786026202,0.043668122270742356,0.004366812227074236,0.05240174672489083,0.07423580786026202,0.056768558951965066,0.11353711790393013,0.08296943231441048,0.06986899563318777,0.021834061135371178,0.048034934497816595,443.52642822265625
QVQLVQSGAEVKKPGASVKVSCKASGYTFTSYGISWVRQAPGQGLEWMGWISAYNGNTNYAQKLQGRVTMTTDTSTTTAYMELRSLRSDDTAVYYCARASGLWLVGSGDYWGQGTLVTVSS,EIVLTQSPGTLSLSPGERATLSCRASQSVSSNFLAWYQQKPGQAPRLLIYGASSRATGVPDRFSGSGSGTDFTLTISRLEPEDFAVYYCQQYGSSPRTFGPGTKVEIK,2,QVQLVQSGAEVKKPGASVKVSCKASLLAFKEDAISWVRQAPGQGLEWMGWPKPEKPLKKAAQKFMGRVTMTTDTSTTTAYMELRSLRSDDTAVYYCAREAEEEMEPEAKYWGQGTLVTVSS,EIVLTQSPGTLSLSPGERATLSCRASQSVSSNFLAWYQQKPGQAPRLLIYGASSRATGVPDRFSGSGSGTDFTLTISRLEPEDFAVYYCQQYGSSPRTFGPGTKVEIK,0000000000000000000000011111111110000000000000000011111111111111111000000000000000000000000000000011111111111000000000000,000000000000000000000000000000000000000000000000000000000000000000000000000000000000000000000000000000000000,aho_hcdr1_hcdr2_hcdr3,mlm_fixed_length=True_autoregressive_sample=False_step_size=1.0_stability_coef=0.1_num_steps=5_guidance_layer=last_return_best=False,True,1.0,0.1,5,last,False,False,10.574355125427246,0.21052631578947367,QVQLVQSGAEVKKPGASVKVSCKASLLAFKEDAISWVRQAPGQGLEWMGWPKPEKPLKKAAQKFMGRVTMTTDTSTTTAYMELRSLRSDDTAVYYCAREAEEEMEPEAKYWGQGTLVTVSSEIVLTQSPGTLSLSPGERATLSCRASQSVSSNFLAWYQQKPGQAPRLLIYGASSRATGVPDRFSGSGSGTDFTLTISRLEPEDFAVYYCQQYGSSPRTFGPGTKVEIK,229,24990.941199999994,0.09170305676855896,40.05371179039302,8.612541007995606,1.0057766233766234,-0.4222707423580789,0.31441048034934493,0.2925764192139738,0.33624454148471616,0.08733624454148471,0.017467248908296942,0.03056768558951965,0.06986899563318777,0.03056768558951965,0.08296943231441048,0.0,0.021834061135371178,0.0611353711790393,0.07423580786026202,0.021834061135371178,0.004366812227074236,0.0611353711790393,0.0611353711790393,0.05240174672489083,0.11353711790393013,0.08296943231441048,0.06550218340611354,0.021834061135371178,0.039301310043668124,467.79522705078125
QLQLQESGPGLVKPSETLSLTCTVSGGSISSSSYYWGWIRQPPGKGLEWIGSIYYSGSTYYNPSLKSRVTISVDTSKNQFSLKLSSVTAADTAVYYCARQLGYGSGSYYNYYYMDVWGKGTTVTVSS,DIQMTQSPSFLSASVGERVTLSCKASQNINKYLDWYQQKLGEAPKLLIYNTNNLHTGIPSRFSGSGSGTDYTLTISSLQPEDVATYFCLQRNSWPYTFGAGTKLELK,0,QLQLQESGPGLVKPSETLSLTCTVSGESVIEMGKCWGWIRQPPGKGLEWIGSIFFEEETELNPSLKSRVTISVDTSKNQFSLKLSSVTAADTAVYYCAREAEKLEVEMEVKAELEVWGKGTTVTVSS,DIQMTQSPSFLSASVGERVTLSCKASQNINKYLDWYQQKLGEAPKLLIYNTNNLHTGIPSRFSGSGSGTDYTLTISSLQPEDVATYFCLQRNSWPYTFGAGTKLELK,0000000000000000000000011111111111100000000000000000111111111111111100000000000000000000000000000001111111111111111000000000000,00000000000000000000000000000000000000000000000000000000000000000000000000000000000000000000000000000000000,aho_hcdr1_hcdr2_hcdr3,mlm_fixed_length=True_autoregressive_sample=False_step_size=1.0_stability_coef=0.1_num_steps=5_guidance_layer=last_return_best=False,True,1.0,0.1,5,last,False,False,8.796622514724731,0.29545454545454547,QLQLQESGPGLVKPSETLSLTCTVSGESVIEMGKCWGWIRQPPGKGLEWIGSIFFEEETELNPSLKSRVTISVDTSKNQFSLKLSSVTAADTAVYYCAREAEKLEVEMEVKAELEVWGKGTTVTVSSDIQMTQSPSFLSASVGERVTLSCKASQNINKYLDWYQQKLGEAPKLLIYNTNNLHTGIPSRFSGSGSGTDYTLTISSLQPEDVATYFCLQRNSWPYTFGAGTKLELK,234,25775.795000000006,0.08974358974358974,34.648290598290586,5.106778907775878,1.0040974603174604,-0.294871794871795,0.31196581196581197,0.2991452991452992,0.3888888888888889,0.04700854700854701,0.021367521367521368,0.02564102564102564,0.08547008547008547,0.029914529914529916,0.07692307692307693,0.004273504273504274,0.042735042735042736,0.0641025641025641,0.10256410256410256,0.01282051282051282,0.03418803418803419,0.042735042735042736,0.05128205128205128,0.02564102564102564,0.11965811965811966,0.08974358974358974,0.0641025641025641,0.02564102564102564,0.03418803418803419,499.8900451660156
QLQLQESGPGLVKPSETLSLTCTVSGGSISSSSYYWGWIRQPPGKGLEWIGSIYYSGSTYYNPSLKSRVTISVDTSKNQFSLKLSSVTAADTAVYYCARQLGYGSGSYYNYYYMDVWGKGTTVTVSS,DIQMTQSPSFLSASVGERVTLSCKASQNINKYLDWYQQKLGEAPKLLIYNTNNLHTGIPSRFSGSGSGTDYTLTISSLQPEDVATYFCLQRNSWPYTFGAGTKLELK,1,QLQLQESGPGLVKPSETLSLTCTVSGFSMLTVEELWGWIRQPPGKGLEWIGSMWEEKEKFFNPKLKSRVTISVDTSKNQFSLKLSSVTAADTAVYYCAREEAAEATEELEKAAFEVWGKGTTVTVSS,DIQMTQSPSFLSASVGERVTLSCKASQNINKYLDWYQQKLGEAPKLLIYNTNNLHTGIPSRFSGSGSGTDYTLTISSLQPEDVATYFCLQRNSWPYTFGAGTKLELK,0000000000000000000000011111111111100000000000000000111111111111111100000000000000000000000000000001111111111111111000000000000,00000000000000000000000000000000000000000000000000000000000000000000000000000000000000000000000000000000000,aho_hcdr1_hcdr2_hcdr3,mlm_fixed_length=True_autoregressive_sample=False_step_size=1.0_stability_coef=0.1_num_steps=5_guidance_layer=last_return_best=False,True,1.0,0.1,5,last,False,False,9.7289879322052,0.22727272727272727,QLQLQESGPGLVKPSETLSLTCTVSGFSMLTVEELWGWIRQPPGKGLEWIGSMWEEKEKFFNPKLKSRVTISVDTSKNQFSLKLSSVTAADTAVYYCAREEAAEATEELEKAAFEVWGKGTTVTVSSDIQMTQSPSFLSASVGERVTLSCKASQNINKYLDWYQQKLGEAPKLLIYNTNNLHTGIPSRFSGSGSGTDYTLTISSLQPEDVATYFCLQRNSWPYTFGAGTKLELK,234,25897.899700000005,0.10256410256410257,34.71880341880341,5.393872642517089,1.0040619047619048,-0.3363247863247866,0.32478632478632474,0.2905982905982907,0.3888888888888889,0.05982905982905983,0.017094017094017096,0.02564102564102564,0.0811965811965812,0.038461538461538464,0.07264957264957266,0.004273504273504274,0.03418803418803419,0.06837606837606838,0.10256410256410256,0.01282051282051282,0.03418803418803419,0.042735042735042736,0.05128205128205128,0.02564102564102564,0.11538461538461539,0.09401709401709402,0.05555555555555555,0.029914529914529916,0.03418803418803419,523.21923828125
QLQLQESGPGLVKPSETLSLTCTVSGGSISSSSYYWGWIRQPPGKGLEWIGSIYYSGSTYYNPSLKSRVTISVDTSKNQFSLKLSSVTAADTAVYYCARQLGYGSGSYYNYYYMDVWGKGTTVTVSS,DIQMTQSPSFLSASVGERVTLSCKASQNINKYLDWYQQKLGEAPKLLIYNTNNLHTGIPSRFSGSGSGTDYTLTISSLQPEDVATYFCLQRNSWPYTFGAGTKLELK,2,QLQLQESGPGLVKPSETLSLTCTVSGESVKTAAFAWGWIRQPPGKGLEWIGSMWQQEETKYEPALKSRVTISVDTSKNQFSLKLSSVTAADTAVYYCAREAEEAVRDGVEEAMLEVWGKGTTVTVSS,DIQMTQSPSFLSASVGERVTLSCKASQNINKYLDWYQQKLGEAPKLLIYNTNNLHTGIPSRFSGSGSGTDYTLTISSLQPEDVATYFCLQRNSWPYTFGAGTKLELK,0000000000000000000000011111111111100000000000000000111111111111111100000000000000000000000000000001111111111111111000000000000,00000000000000000000000000000000000000000000000000000000000000000000000000000000000000000000000000000000000,aho_hcdr1_hcdr2_hcdr3,mlm_fixed_length=True_autoregressive_sample=False_step_size=1.0_stability_coef=0.1_num_steps=5_guidance_layer=last_return_best=False,True,1.0,0.1,5,last,False,False,8.558826923370361,0.25,QLQLQESGPGLVKPSETLSLTCTVSGESVKTAAFAWGWIRQPPGKGLEWIGSMWQQEETKYEPALKSRVTISVDTSKNQFSLKLSSVTAADTAVYYCAREAEEAVRDGVEEAMLEVWGKGTTVTVSSDIQMTQSPSFLSASVGERVTLSCKASQNINKYLDWYQQKLGEAPKLLIYNTNNLHTGIPSRFSGSGSGTDYTLTISSLQPEDVATYFCLQRNSWPYTFGAGTKLELK,234,25689.56170000001,0.09401709401709402,35.324358974358965,5.360451316833497,1.0035507936507937,-0.3465811965811968,0.3076923076923077,0.29487179487179493,0.3803418803418803,0.06837606837606838,0.017094017094017096,0.029914529914529916,0.07264957264957266,0.02564102564102564,0.07692307692307693,0.004273504273504274,0.03418803418803419,0.05982905982905983,0.09401709401709402,0.01282051282051282,0.029914529914529916,0.042735042735042736,0.05982905982905983,0.029914529914529916,0.11538461538461539,0.09401709401709402,0.0641025641025641,0.029914529914529916,0.038461538461538464,515.791015625
QIQLVQSGPELKKPGETVKISCKASGYTFTNYGMNWVKQAPGKGLKWMGWINTNTGEPTYAEEFKGRFAFSLETSASTAYLQINNLKNEDTATYFCASGDYYGSRYFDYWGQGTTLTVSS,DVVMTQTPLSLPVSLGDQASISCRSSQSLVHSNGNTYLHWYLQKPGQSPKLLIYKVSNRFSGVPDRFSGSGSGTDFTLKISRVEAEDLGVYFCSQSTHVPPYTFGGGTKLEIK,0,QIQLVQSGPELKKPGETVKISCKASGVTFTNFLMNWVKQAPGKGLKWMGWINTYTGEPTYADEFKGRFAFSLETSASTAYLQINNLKNEDTATYFCASPAGMQVVVLEYWGQGTTLTVSS,DVVMTQTPLSLPVSLGDQASISCRSSQSLVHSNGNTYLHWYLQKPGQSPKLLIYKVSNRFSGVPDRFSGSGSGTDFTLKISRVEAEDLGVYFCSQSTHVPPYTFGGGTKLEIK,000000000000000000000001111111111000000000000000001111111111111111100000000000000000000000000000001111111111000000000000,00000000000000000000000000000000000000000000000000000000000000000000000000000000000000000000000000000000000000000,aho_hcdr1_hcdr2_hcdr3,mlm_fixed_length=True_autoregressive_sample=False_step_size=1.0_stability_coef=0.1_num_steps=5_guidance_layer=last_return_best=False,True,1.0,0.1,5,last,False,False,6.175888866186142,0.5945945945945946,QIQLVQSGPELKKPGETVKISCKASGVTFTNFLMNWVKQAPGKGLKWMGWINTYTGEPTYADEFKGRFAFSLETSASTAYLQINNLKNEDTATYFCASPAGMQVVVLEYWGQGTTLTVSSDVVMTQTPLSLPVSLGDQASISCRSSQSLVHSNGNTYLHWYLQKPGQSPKLLIYKVSNRFSGVPDRFSGSGSGTDFTLKISRVEAEDLGVYFCSQSTHVPPYTFGGGTKLEIK,233,25484.549300000006,0.11158798283261803,30.697424892703868,8.596037101745608,1.0007620110544218,-0.24248927038626605,0.2575107296137339,0.3261802575107296,0.3948497854077253,0.04721030042918455,0.017167381974248927,0.030042918454935622,0.04291845493562232,0.04721030042918455,0.0944206008583691,0.012875536480686695,0.034334763948497854,0.06437768240343347,0.08583690987124463,0.017167381974248927,0.03862660944206009,0.05150214592274678,0.055793991416309016,0.02145922746781116,0.11158798283261803,0.09012875536480687,0.07296137339055794,0.02145922746781116,0.04291845493562232,523.8204956054688
QIQLVQSGPELKKPGETVKISCKASGYTFTNYGMNWVKQAPGKGLKWMGWINTNTGEPTYAEEFKGRFAFSLETSASTAYLQINNLKNEDTATYFCASGDYYGSRYFDYWGQGTTLTVSS,DVVMTQTPLSLPVSLGDQASISCRSSQSLVHSNGNTYLHWYLQKPGQSPKLLIYKVSNRFSGVPDRFSGSGSGTDFTLKISRVEAEDLGVYFCSQSTHVPPYTFGGGTKLEIK,1,QIQLVQSGPELKKPGETVKISCKASGYTFTNYEMNWVKQAPGKGLKWMGWINTYTGEPTYADEFKGRFAFSLETSASTAYLQINNLKNEDTATYFCASEEEEMEEEWEYWGQGTTLTVSS,DVVMTQTPLSLPVSLGDQASISCRSSQSLVHSNGNTYLHWYLQKPGQSPKLLIYKVSNRFSGVPDRFSGSGSGTDFTLKISRVEAEDLGVYFCSQSTHVPPYTFGGGTKLEIK,000000000000000000000001111111111000000000000000001111111111111111100000000000000000000000000000001111111111000000000000,00000000000000000000000000000000000000000000000000000000000000000000000000000000000000000000000000000000000000000,aho_hcdr1_hcdr2_hcdr3,mlm_fixed_length=True_autoregressive_sample=False_step_size=1.0_stability_coef=0.1_num_steps=5_guidance_layer=last_return_best=False,True,1.0,0.1,5,last,False,False,4.784580588340759,0.6486486486486487,QIQLVQSGPELKKPGETVKISCKASGYTFTNYEMNWVKQAPGKGLKWMGWINTYTGEPTYADEFKGRFAFSLETSASTAYLQINNLKNEDTATYFCASEEEEMEEEWEYWGQGTTLTVSSDVVMTQTPLSLPVSLGDQASISCRSSQSLVHSNGNTYLHWYLQKPGQSPKLLIYKVSNRFSGVPDRFSGSGSGTDFTLKISRVEAEDLGVYFCSQSTHVPPYTFGGGTKLEIK,233,25906.63100000001,0.1201716738197425,35.76652360515023,5.314582252502441,1.0047977253401361,-0.4785407725321892,0.27896995708154504,0.3175965665236052,0.3776824034334764,0.04291845493562232,0.017167381974248927,0.030042918454935622,0.07725321888412018,0.04291845493562232,0.09012875536480687,0.012875536480686695,0.034334763948497854,0.06437768240343347,0.07725321888412018,0.017167381974248927,0.03862660944206009,0.04721030042918455,0.05150214592274678,0.02145922746781116,0.11158798283261803,0.09012875536480687,0.055793991416309016,0.02575107296137339,0.05150214592274678,509.6381530761719
QIQLVQSGPELKKPGETVKISCKASGYTFTNYGMNWVKQAPGKGLKWMGWINTNTGEPTYAEEFKGRFAFSLETSASTAYLQINNLKNEDTATYFCASGDYYGSRYFDYWGQGTTLTVSS,DVVMTQTPLSLPVSLGDQASISCRSSQSLVHSNGNTYLHWYLQKPGQSPKLLIYKVSNRFSGVPDRFSGSGSGTDFTLKISRVEAEDLGVYFCSQSTHVPPYTFGGGTKLEIK,2,QIQLVQSGPELKKPGETVKISCKASGYTFENYEMNWVKQAPGKGLKWMGWINTYTGEPTYADEFKGRFAFSLETSASTAYLQINNLKNEDTATYFCASRQEAMMMAKEYWGQGTTLTVSS,DVVMTQTPLSLPVSLGDQASISCRSSQSLVHSNGNTYLHWYLQKPGQSPKLLIYKVSNRFSGVPDRFSGSGSGTDFTLKISRVEAEDLGVYFCSQSTHVPPYTFGGGTKLEIK,000000000000000000000001111111111000000000000000001111111111111111100000000000000000000000000000001111111111000000000000,00000000000000000000000000000000000000000000000000000000000000000000000000000000000000000000000000000000000000000,aho_hcdr1_hcdr2_hcdr3,mlm_fixed_length=True_autoregressive_sample=False_step_size=1.0_stability_coef=0.1_num_steps=5_guidance_layer=last_return_best=False,True,1.0,0.1,5,last,False,False,5.757817029953003,0.6216216216216216,QIQLVQSGPELKKPGETVKISCKASGYTFENYEMNWVKQAPGKGLKWMGWINTYTGEPTYADEFKGRFAFSLETSASTAYLQINNLKNEDTATYFCASRQEAMMMAKEYWGQGTTLTVSSDVVMTQTPLSLPVSLGDQASISCRSSQSLVHSNGNTYLHWYLQKPGQSPKLLIYKVSNRFSGVPDRFSGSGSGTDFTLKISRVEAEDLGVYFCSQSTHVPPYTFGGGTKLEIK,233,25790.78220000001,0.11587982832618027,31.996566523605154,8.278079032897953,1.0032262967687076,-0.4158798283261807,0.2789699570815451,0.3175965665236052,0.36909871244635195,0.05150214592274678,0.017167381974248927,0.030042918454935622,0.055793991416309016,0.04291845493562232,0.09012875536480687,0.012875536480686695,0.034334763948497854,0.06866952789699571,0.07725321888412018,0.02575107296137339,0.03862660944206009,0.04721030042918455,0.055793991416309016,0.02575107296137339,0.11158798283261803,0.08583690987124463,0.055793991416309016,0.02145922746781116,0.05150214592274678,523.6519165039062
EVQLVESGGGLVQPGRSMKLSCAASGFTFNNYDMAWVCQAPKKGLEWVATISYDGSSTYYRDSVKGRFTISRDNIKSTLYLQMDSLRSEDTATYYCARQARGFAYWGQGTLVTVSS,DIQMTQSPASLSASLGETVTIECLASEDIYSNLAWYQQKPGKSPQLLIYDASSLQDGVPSRFSGSESGTQYSLEINSLQSEDAATYFCQQHHDYPLTFGSGTKLEIK,0,EVQLVESGGGLVQPGRSMKLSCAASGFMFLMEMMAWVCQAPKKGLEWVATIREEGMRTYYGDSVKGRFTISRDNIKSTLYLQMDSLRSEDTATYYCARPMWAWAYWGQGTLVTVSS,DIQMTQSPASLSASLGETVTIECLASEDIYSNLAWYQQKPGKSPQLLIYDASSLQDGVPSRFSGSESGTQYSLEINSLQSEDAATYFCQQHHDYPLTFGSGTKLEIK,00000000000000000000000111111111100000000000000000111111111111111110000000000000000000000000000000111111000000000000,00000000000000000000000000000000000000000000000000000000000000000000000000000000000000000000000000000000000,aho_hcdr1_hcdr2_hcdr3,mlm_fixed_length=True_autoregressive_sample=False_step_size=1.0_stability_coef=0.1_num_steps=5_guidance_layer=last_return_best=False,True,1.0,0.1,5,last,False,False,9.605952262878418,0.5151515151515151,EVQLVESGGGLVQPGRSMKLSCAASGFMFLMEMMAWVCQAPKKGLEWVATIREEGMRTYYGDSVKGRFTISRDNIKSTLYLQMDSLRSEDTATYYCARPMWAWAYWGQGTLVTVSSDIQMTQSPASLSASLGETVTIECLASEDIYSNLAWYQQKPGKSPQLLIYDASSLQDGVPSRFSGSESGTQYSLEINSLQSEDAATYFCQQHHDYPLTFGSGTKLEIK,223,24741.5998,0.10762331838565023,52.21300448430492,4.877490425109863,0.9995220293724967,-0.29013452914798216,0.30493273542600896,0.3004484304932735,0.34977578475336324,0.07174887892376682,0.02242152466367713,0.04484304932735426,0.06278026905829596,0.026905829596412557,0.08071748878923767,0.008968609865470852,0.04035874439461883,0.04035874439461883,0.08968609865470852,0.04035874439461883,0.013452914798206279,0.03587443946188341,0.06726457399103139,0.03587443946188341,0.12556053811659193,0.06726457399103139,0.04484304932735426,0.026905829596412557,0.053811659192825115,531.210205078125
EVQLVESGGGLVQPGRSMKLSCAASGFTFNNYDMAWVCQAPKKGLEWVATISYDGSSTYYRDSVKGRFTISRDNIKSTLYLQMDSLRSEDTATYYCARQARGFAYWGQGTLVTVSS,DIQMTQSPASLSASLGETVTIECLASEDIYSNLAWYQQKPGKSPQLLIYDASSLQDGVPSRFSGSESGTQYSLEINSLQSEDAATYFCQQHHDYPLTFGSGTKLEIK,1,EVQLVESGGGLVQPGRSMKLSCAASGFMFMAEMMAWVCQAPKKGLEWVATIWMEGEWTYYLDSVKGRFTISRDNIKSTLYLQMDSLRSEDTATYYCARLEMLLAYWGQGTLVTVSS,DIQMTQSPASLSASLGETVTIECLASEDIYSNLAWYQQKPGKSPQLLIYDASSLQDGVPSRFSGSESGTQYSLEINSLQSEDAATYFCQQHHDYPLTFGSGTKLEIK,00000000000000000000000111111111100000000000000000111111111111111110000000000000000000000000000000111111000000000000,00000000000000000000000000000000000000000000000000000000000000000000000000000000000000000000000000000000000,aho_hcdr1_hcdr2_hcdr3,mlm_fixed_length=True_autoregressive_sample=False_step_size=1.0_stability_coef=0.1_num_steps=5_guidance_layer=last_return_best=False,True,1.0,0.1,5,last,False,False,9.429495334625244,0.5151515151515151,EVQLVESGGGLVQPGRSMKLSCAASGFMFMAEMMAWVCQAPKKGLEWVATIWMEGEWTYYLDSVKGRFTISRDNIKSTLYLQMDSLRSEDTATYYCARLEMLLAYWGQGTLVTVSSDIQMTQSPASLSASLGETVTIECLASEDIYSNLAWYQQKPGKSPQLLIYDASSLQDGVPSRFSGSESGTQYSLEINSLQSEDAATYFCQQHHDYPLTFGSGTKLEIK,223,24743.648699999998,0.10762331838565023,52.221524663677116,4.633253288269043,0.9986014686248331,-0.20538116591928254,0.3228699551569507,0.2914798206278027,0.36322869955156956,0.07174887892376682,0.02242152466367713,0.04484304932735426,0.06726457399103139,0.026905829596412557,0.07623318385650224,0.008968609865470852,0.04035874439461883,0.04035874439461883,0.1031390134529148,0.04035874439461883,0.013452914798206279,0.03139013452914798,0.06726457399103139,0.026905829596412557,0.12556053811659193,0.06726457399103139,0.04484304932735426,0.026905829596412557,0.053811659192825115,514.9973754882812
EVQLVESGGGLVQPGRSMKLSCAASGFTFNNYDMAWVCQAPKKGLEWVATISYDGSSTYYRDSVKGRFTISRDNIKSTLYLQMDSLRSEDTATYYCARQARGFAYWGQGTLVTVSS,DIQMTQSPASLSASLGETVTIECLASEDIYSNLAWYQQKPGKSPQLLIYDASSLQDGVPSRFSGSESGTQYSLEINSLQSEDAATYFCQQHHDYPLTFGSGTKLEIK,2,EVQLVESGGGLVQPGRSMKLSCAASGFEFMKYWMAWVCQAPKKGLEWVATIEMEGLAEYYGDSVKGRFTISRDNIKSTLYLQMDSLRSEDTATYYCARGEMMWEYWGQGTLVTVSS,DIQMTQSPASLSASLGETVTIECLASEDIYSNLAWYQQKPGKSPQLLIYDASSLQDGVPSRFSGSESGTQYSLEINSLQSEDAATYFCQQHHDYPLTFGSGTKLEIK,00000000000000000000000111111111100000000000000000111111111111111110000000000000000000000000000000111111000000000000,00000000000000000000000000000000000000000000000000000000000000000000000000000000000000000000000000000000000,aho_hcdr1_hcdr2_hcdr3,mlm_fixed_length=True_autoregressive_sample=False_step_size=1.0_stability_coef=0.1_num_steps=5_guidance_layer=last_return_best=False,True,1.0,0.1,5,last,False,False,9.212981939315796,0.48484848484848486,EVQLVESGGGLVQPGRSMKLSCAASGFEFMKYWMAWVCQAPKKGLEWVATIEMEGLAEYYGDSVKGRFTISRDNIKSTLYLQMDSLRSEDTATYYCARGEMMWEYWGQGTLVTVSSDIQMTQSPASLSASLGETVTIECLASEDIYSNLAWYQQKPGKSPQLLIYDASSLQDGVPSRFSGSESGTQYSLEINSLQSEDAATYFCQQHHDYPLTFGSGTKLEIK,223,24764.474200000004,0.11210762331838564,53.76008968609864,4.617906761169433,1.0011388518024034,-0.3282511210762333,0.31390134529147984,0.3004484304932735,0.34977578475336324,0.06726457399103139,0.02242152466367713,0.04484304932735426,0.07623318385650224,0.026905829596412557,0.08520179372197309,0.008968609865470852,0.04035874439461883,0.04484304932735426,0.08968609865470852,0.03587443946188341,0.013452914798206279,0.03139013452914798,0.06726457399103139,0.026905829596412557,0.12556053811659193,0.06278026905829596,0.04484304932735426,0.026905829596412557,0.05829596412556054,481.4259948730469
